silly,fish_id_LOKI,location,lifestage,event,fish_no,date,sex,card,col,FL,weight,MEF,age_FW,age_SW,AEC,tag_type,tag_no,cinch,BY,release_YR,comment,genetic_sample
KCHILGN20,1,gillnet,adult,1,1,6/9/2020,M,1,1,,,820,,,13,S,1904,,,,,YES
KCHILGN20,2,gillnet,adult,1,2,6/9/2020,M,1,2,,,650,,,12,S,1905,,,,,YES
KCHILGN20,3,gillnet,adult,1,3,6/9/2020,F,1,3,,,855,,,14,S,1906,,,,,YES
KCHILGN20,4,gillnet,adult,1,4,6/11/2020,F,1,4,,,810,,,13,S,1907,,,,recovered Tahini 8.6.2020 F 780,YES
KCHILGN20,5,gillnet,adult,1,5,6/12/2020,F,1,5,,,800,,,14,S,1908,,,,,YES
KCHILGN20,6,gillnet,adult,1,6,6/17/2020,F,1,6,,,840,,,RR,S,1909,,,,,YES
KCHILGN20,7,gillnet,adult,1,7,6/17/2020,M,1,7,,,660,,,RR,S,1910,,,,,YES
KCHILGN20,8,gillnet,adult,1,8,6/18/2020,F,1,8,,,850,,,13,S,1911,,,,,YES
KCHILGN20,9,gillnet,adult,1,9,6/18/2020,M,1,9,,,920,,,R3,S,1912,,,,,YES
KCHILGN20,10,gillnet,adult,1,10,6/19/2020,F,1,10,,,790,,,R4,S,1913,,,,,YES
KCHILGN20,11,gillnet,adult,1,11,6/19/2020,M,2,1,,,805,,,13,S,1914,,,,,YES
KCHILGN20,12,gillnet,adult,1,12,6/20/2020,M,2,2,,,910,,,R4,S,1915,,,,,YES
KCHILGN20,13,gillnet,adult,1,13,6/20/2020,F,2,3,,,850,,,14,S,1916,,,,,YES
KCHILGN20,14,gillnet,adult,1,14,6/20/2020,M,2,4,,,775,,,13,S,1917,,,,recovered Big Boulder 7.31.2020 M 745,YES
KCHILGN20,15,gillnet,adult,1,15,6/21/2020,M,2,5,,,630,,,12,S,1918,,,,,YES
KCHILGN20,16,gillnet,adult,1,16,6/21/2020,F,2,6,,,875,,,13,S,1919,,,,,YES
KCHILGN20,17,gillnet,adult,1,17,6/21/2020,M,2,7,,,920,,,13,S,1920,,,,,YES
KCHILGN20,18,gillnet,adult,1,18,6/21/2020,M,2,8,,,880,,,14,S,1921,,,,,YES
KCHILGN20,19,gillnet,adult,1,19,6/22/2020,F,3,1,,,890,,,13,S,1922,,,,,YES
KCHILGN20,20,gillnet,adult,1,20,6/22/2020,M,3,2,,,630,,,13,S,1923,,,,,YES
KCHILGN20,21,gillnet,adult,1,21,6/22/2020,F,3,3,,,940,,,14,S,1924,,,,,YES
KCHILGN20,22,gillnet,adult,1,22,6/22/2020,M,3,4,,,900,,,R3,S,1925,,,,,YES
KCHILGN20,23,gillnet,adult,1,23,6/22/2020,F,3,5,,,800,,,13,S,1926,,,,recovered Tahini 8.3.2020 F 820,YES
KCHILGN20,24,gillnet,adult,1,24,6/22/2020,M,3,6,,,950,,,14,S,1927,,,,,YES
KCHILGN20,25,gillnet,adult,1,25,6/22/2020,M,3,7,,,850,,,R3,S,1928,,,,,YES
KCHILGN20,26,gillnet,adult,1,26,6/23/2020,F,4,1,,,780,,,13,S,1929,,,,recovered Tahini 8.11.2020 F 830,YES
KCHILGN20,27,gillnet,adult,1,27,6/23/2020,F,4,2,,,830,,,13,S,1930,,,,,YES
KCHILGN20,28,gillnet,adult,1,28,6/23/2020,F,4,3,,,820,,,R3,S,1931,,,,,YES
KCHILGN20,29,gillnet,adult,1,29,6/23/2020,F,4,4,,,850,,,13,S,1932,,,,,YES
KCHILGN20,30,gillnet,adult,1,30,6/23/2020,M,4,5,,,780,,,13,S,1933,,,,,YES
KCHILGN20,31,gillnet,adult,1,31,6/23/2020,M,4,6,,,760,,,13,S,1934,,,,,YES
KCHILGN20,32,gillnet,adult,1,32,6/23/2020,F,4,7,,,830,,,13,S,1936,,,,tag # out of sequence,YES
KCHILGN20,33,gillnet,adult,1,33,6/23/2020,F,4,8,,,790,,,13,S,1935,,,,recovered Tahini 8.27.2020 length n/a,YES
KCHILGN20,34,gillnet,adult,1,34,6/24/2020,F,5,1,,,860,,,13,S,1937,,,,,YES
KCHILGN20,35,gillnet,adult,1,35,6/24/2020,F,5,2,,,785,,,13,S,1938,,,,,YES
KCHILGN20,36,gillnet,adult,1,36,6/24/2020,F,5,3,,,775,,,13,S,1939,,,,,YES
KCHILGN20,37,gillnet,adult,1,37,6/24/2020,M,5,4,,,760,,,13,S,1940,,,,,YES
KCHILGN20,38,gillnet,adult,1,38,6/24/2020,F,5,5,,,900,,,14,S,1941,,,,,YES
KCHILGN20,39,gillnet,adult,1,39,6/25/2020,M,6,1,,,800,,,13,S,1942,,,,,YES
KCHILGN20,40,gillnet,adult,1,40,6/25/2020,F,6,2,,,840,,,14,S,1943,,,,,YES
KCHILGN20,41,gillnet,adult,1,41,6/25/2020,M,6,3,,,750,,,R3,S,1944,,,,,YES
KCHILGN20,42,gillnet,adult,1,42,6/25/2020,F,6,4,,,770,,,13,S,1945,,,,,YES
KCHILGN20,43,gillnet,adult,1,43,6/25/2020,M,6,5,,,780,,,RR,S,1946,,,,,YES
KCHILGN20,44,gillnet,adult,1,44,6/25/2020,M,6,6,,,720,,,R3,S,1947,,,,,YES
KCHILGN20,45,gillnet,adult,1,45,6/25/2020,M,6,7,,,630,,,12,S,1948,,,,,YES
KCHILGN20,46,gillnet,adult,1,46,6/26/2020,F,7,1,,,860,,,13,S,1949,,,,,YES
KCHILGN20,47,gillnet,adult,1,47,6/26/2020,F,7,2,,,800,,,14,S,1950,,,,recovered Kelsall 8.12.2020 F 800,YES
KCHILGN20,48,gillnet,adult,1,48,6/27/2020,F,7,3,,,815,,,14,S,1951,,,,,YES
KCHILGN20,49,gillnet,adult,1,49,6/27/2020,M,7,4,,,890,,,13,S,1952,,,,,YES
KCHILGN20,50,gillnet,adult,1,50,6/28/2020,M,7,5,,,750,,,13,S,1953,,,,,YES
KCHILGN20,51,gillnet,adult,1,51,6/28/2020,M,7,6,,,700,,,12,S,1954,,,,,YES
KCHILGN20,52,gillnet,adult,1,52,6/29/2020,M,7,7,,,860,,,13,S,1955,,,,,YES
KCHILGN20,53,gillnet,adult,1,53,6/29/2020,M,7,8,,,770,,,13,S,1956,,,,,YES
KCHILGN20,54,gillnet,adult,1,54,6/29/2020,F,7,9,,,880,,,RR,S,1957,,,,,YES
KCHILGN20,55,gillnet,adult,1,55,6/29/2020,M,7,10,,,870,,,13,S,1958,,,,,YES
KCHILGN20,56,gillnet,adult,1,56,6/29/2020,F,8,1,,,820,,,13,S,1959,,,,,YES
KCHILGN20,57,gillnet,adult,1,57,6/29/2020,F,8,2,,,810,,,14,S,1960,,,,,YES
KCHILGN20,58,gillnet,adult,1,58,6/30/2020,F,8,3,,,860,,,13,S,1961,,,,,YES
KCHILGN20,59,gillnet,adult,1,59,6/30/2020,M,8,4,,,780,,,13,S,1962,,,,,YES
KCHILGN20,60,gillnet,adult,1,60,7/1/2020,M,8,5,,,750,,,13,S,1963,,,,,YES
KCHILGN20,61,gillnet,adult,1,61,7/1/2020,M,8,6,,,800,,,13,S,1964,,,,,YES
KCHILGN20,62,gillnet,adult,1,62,7/2/2020,M,9,1,,,810,,,13,S,1965,,,,,YES
KCHILGN20,63,gillnet,adult,1,63,7/2/2020,F,9,2,,,690,,,13,S,1966,,,,,YES
KCHILGN20,64,gillnet,adult,1,64,7/3/2020,F,9,3,,,750,,,13,S,1967,,,,,YES
KCHILGN20,65,gillnet,adult,1,65,7/3/2020,M,9,4,,,670,,,12,S,1968,,,,,YES
KCHILGN20,66,gillnet,adult,1,66,7/4/2020,M,9,5,,,760,,,13,S,1969,,,,,YES
KCHILGN20,67,gillnet,adult,1,67,7/4/2020,M,9,6,,,770,,,13,S,1970,,,,,YES
KCHILGN20,68,gillnet,adult,1,68,7/4/2020,F,9,7,,,820,,,13,S,1971,,,,,YES
KCHILGN20,69,gillnet,adult,1,69,7/4/2020,F,9,8,,,810,,,13,S,1972,,,,,YES
KCHILGN20,70,gillnet,adult,1,70,7/4/2020,M,9,9,,,760,,,13,S,1973,,,,,YES
KCHILGN20,71,gillnet,adult,1,71,7/4/2020,F,9,10,,,880,,,13,S,1974,,,,,YES
KCHILGN20,72,gillnet,adult,1,72,7/4/2020,F,10,1,,,820,,,13,S,1975,,,,,YES
KCHILGN20,73,gillnet,adult,1,73,7/4/2020,M,10,2,,,710,,,13,S,1976,,,,,YES
KCHILGN20,74,gillnet,adult,1,74,7/4/2020,M,10,3,,,780,,,13,S,1977,,,,,YES
KCHILGN20,75,gillnet,adult,1,75,7/5/2020,F,10,4,,,780,,,13,S,1978,,,,,YES
KCHILGN20,76,gillnet,adult,1,76,7/5/2020,F,10,5,,,825,,,14,S,1979,,,,,YES
KCHILGN20,77,gillnet,adult,1,77,7/5/2020,F,10,6,,,860,,,13,S,1980,,,,,YES
KCHILGN20,78,gillnet,adult,1,78,7/5/2020,M,10,7,,,720,,,14,S,1981,,,,,YES
KCHILGN20,79,gillnet,adult,1,79,7/5/2020,M,10,8,,,975,,,14,S,1982,,,,recovered Kelsall 8.26.2020 M 975,YES
KCHILGN20,80,gillnet,adult,1,80,7/5/2020,F,10,9,,,790,,,14,S,1983,,,,,YES
KCHILGN20,81,gillnet,adult,1,81,7/5/2020,F,10,10,,,830,,,13,S,1984,,,,recovered Tahini 8.5.2020 F 810,YES
KCHILGN20,82,gillnet,adult,1,82,7/6/2020,F,11,1,,,880,,,13,S,1985,,,,,YES
KCHILGN20,83,gillnet,adult,1,83,7/6/2020,M,11,2,,,830,,,13,S,1986,,,,,YES
KCHILGN20,84,gillnet,adult,1,84,7/7/2020,M,11,3,,,840,,,13,S,1987,,,,,YES
KCHILGN20,85,gillnet,adult,1,85,7/7/2020,M,11,4,,,680,,,12,S,1988,,,,,YES
KCHILGN20,86,gillnet,adult,1,86,7/7/2020,M,11,5,,,820,,,RR,S,1989,,,,,YES
KCHILGN20,87,gillnet,adult,1,87,7/7/2020,F,11,6,,,720,,,13,S,1990,,,,,YES
KCHILGN20,88,gillnet,adult,1,88,7/7/2020,M,11,7,,,830,,,R3,S,1991,,,,,YES
KCHILGN20,89,gillnet,adult,1,89,7/7/2020,F,11,8,,,780,,,13,S,1992,,,,,YES
KCHILGN20,90,gillnet,adult,1,90,7/7/2020,F,11,9,,,830,,,R3,S,1993,,,,,YES
KCHILGN20,91,gillnet,adult,1,91,7/8/2020,F,12,1,,,775,,,13,S,1994,,,,,YES
KCHILGN20,92,gillnet,adult,1,92,7/8/2020,F,12,2,,,820,,,13,S,1995,,,,,YES
KCHILGN20,93,gillnet,adult,1,93,7/9/2020,F,12,3,,,820,,,RR,S,1996,,,,,YES
KCHILGN20,94,gillnet,adult,1,94,7/9/2020,F,12,4,,,825,,,R3,S,1997,,,,,YES
KCHILGN20,95,gillnet,adult,1,95,7/9/2020,F,12,5,,,820,,,13,S,1998,,,,,YES
KCHILGN20,96,gillnet,adult,1,96,7/9/2020,M,12,6,,,720,,,13,S,1999,,,,,YES
KCHILGN20,97,gillnet,adult,1,97,7/10/2020,F,13,1,,,760,,,13,S,2000,,,,,YES
KCHILGN20,98,gillnet,adult,1,98,7/10/2020,F,13,2,,,825,,,13,S,2001,,,,,YES
KCHILGN20,99,gillnet,adult,1,99,7/11/2020,M,13,3,,,800,,,13,S,2002,,,,recovered Tahini 8.27.2020 M 800,YES
KCHILGN20,100,gillnet,adult,1,100,7/12/2020,M,13,4,,,805,,,13,S,2003,,,,,YES
KCHILGN20,101,gillnet,adult,1,101,7/12/2020,M,13,5,,,620,,,13,S,2004,,,,,YES
KCHILGN20,102,gillnet,adult,1,102,7/12/2020,F,13,6,,,770,,,13,S,2005,,,,,YES
KCHILGN20,103,gillnet,adult,1,103,7/12/2020,M,13,7,,,880,,,RR,S,2006,,,,,YES
KCHILGN20,104,gillnet,adult,1,104,7/12/2020,F,13,8,,,970,,,14,S,2007,,,,,YES
KCHILGN20,105,gillnet,adult,1,105,7/12/2020,F,13,9,,,880,,,RR,S,2008,,,,,YES
KCHILGN20,106,gillnet,adult,1,106,7/12/2020,F,13,10,,,750,,,13,S,2009,,,,recovered Tahini 7.31.2020 F 710,YES
KCHILGN20,107,gillnet,adult,1,107,7/13/2020,M,14,1,,,700,,,13,S,2010,,,,,YES
KCHILGN20,108,gillnet,adult,1,108,7/13/2020,F,14,2,,,790,,,13,S,2011,,,,,YES
KCHILGN20,109,gillnet,adult,1,109,7/13/2020,F,14,3,,,780,,,13,S,2012,,,,,YES
KCHILGN20,110,gillnet,adult,1,110,7/13/2020,F,14,4,,,780,,,13,S,2013,,,,,YES
KCHILGN20,111,gillnet,adult,1,111,7/13/2020,F,14,5,,,830,,,14,S,2014,,,,,YES
KCHILGN20,112,gillnet,adult,1,112,7/13/2020,M,14,6,,,710,,,13,S,2015,,,,,YES
KCHILGN20,113,gillnet,adult,1,113,7/13/2020,F,14,7,,,805,,,13,S,2016,,,,,YES
KCHILGN20,114,gillnet,adult,1,114,7/13/2020,M,14,8,,,540,,,12,S,2017,,,,,YES
KCHILGN20,115,gillnet,adult,1,115,7/13/2020,F,14,9,,,820,,,R4,S,2018,,,,,YES
KCHILGN20,116,gillnet,adult,1,116,7/13/2020,F,14,10,,,760,,,R3,S,2019,,,,,YES
KCHILGN20,117,gillnet,adult,1,117,7/13/2020,M,15,1,,,810,,,13,S,2020,,,,,YES
KCHILGN20,118,gillnet,adult,1,118,7/13/2020,M,15,2,,,605,,,12,S,2021,,,,,YES
KCHILGN20,119,gillnet,adult,1,119,7/13/2020,F,15,3,,,815,,,13,S,2022,,,,,YES
KCHILGN20,120,gillnet,adult,1,120,7/14/2020,M,15,4,,,850,,,R3,S,2023,,,,,YES
KCHILGN20,121,gillnet,adult,1,121,7/14/2020,F,15,5,,,770,,,13,S,2024,,,,,YES
KCHILGN20,122,gillnet,adult,1,122,7/14/2020,M,15,6,,,680,,,R3,S,2025,,,,,YES
KCHILGN20,123,gillnet,adult,1,123,7/14/2020,M,15,7,,,680,,,13,S,2026,,,,,YES
KCHILGN20,124,gillnet,adult,1,124,7/14/2020,M,15,8,,,620,,,12,S,2027,,,,,YES
KCHILGN20,125,gillnet,adult,1,125,7/14/2020,F,15,9,,,800,,,13,S,2028,,,,,YES
KCHILGN20,126,gillnet,adult,1,126,7/14/2020,F,15,10,,,820,,,13,S,2029,,,,,YES
KCHILGN20,127,gillnet,adult,1,127,7/14/2020,F,16,1,,,700,,,R3,S,2030,,,,,YES
KCHILGN20,128,gillnet,adult,1,128,7/14/2020,F,16,2,,,760,,,13,S,2031,,,,,YES
KCHILGN20,129,gillnet,adult,1,129,7/14/2020,F,16,3,,,755,,,13,S,2032,,,,,YES
KCHILGN20,130,gillnet,adult,1,130,7/15/2020,M,16,4,,,810,,,13,S,2033,,,,,YES
KCHILGN20,131,gillnet,adult,1,131,7/15/2020,M,16,5,,,910,,,RR,S,2034,,,,,YES
KCHILGN20,132,gillnet,adult,1,132,7/15/2020,F,16,6,,,730,,,13,S,2035,,,,,YES
KCHILGN20,133,gillnet,adult,1,133,7/15/2020,F,16,7,,,770,,,14,S,2036,,,,,YES
KCHILGN20,134,gillnet,adult,1,134,7/17/2020,M,17,1,,,830,,,13,S,2037,,,,,YES
KCHILGN20,135,gillnet,adult,1,135,7/17/2020,M,17,2,,,815,,,13,S,2038,,,,,YES
KCHILGN20,136,gillnet,adult,1,136,7/17/2020,M,17,3,,,870,,,14,S,2039,,,,,YES
KCHILGN20,137,gillnet,adult,1,137,7/17/2020,M,17,4,,,740,,,13,S,2040,,,,,YES
KCHILGN20,138,gillnet,adult,1,138,7/17/2020,M,17,5,,,720,,,13,S,2041,,,,,YES
KCHILGN20,139,gillnet,adult,1,139,7/17/2020,F,17,6,,,700,,,R3,S,2042,,,,,YES
KCHILGN20,140,gillnet,adult,1,140,7/17/2020,F,17,7,,,850,,,13,S,2043,,,,,YES
KCHILGN20,141,gillnet,adult,1,141,7/17/2020,M,17,8,,,680,,,RR,S,2044,,,,,YES
KCHILGN20,142,gillnet,adult,1,142,7/17/2020,F,17,9,,,780,,,13,S,2045,,,,recovered Tahini 8.11.2020 F 695,YES
KCHILGN20,143,gillnet,adult,1,143,7/17/2020,M,17,10,,,710,,,RR,S,2046,,,,,YES
KCHILGN20,144,gillnet,adult,1,144,7/18/2020,M,18,1,,,690,,,RR,S,2047,,,,,YES
KCHILGN20,145,gillnet,adult,1,145,7/18/2020,F,18,2,,,785,,,R3,S,2048,,,,,YES
KCHILGN20,146,gillnet,adult,1,146,7/18/2020,F,18,3,,,790,,,R3,S,2049,,,,,YES
KCHILGN20,147,gillnet,adult,1,147,7/18/2020,F,18,4,,,775,,,13,S,2050,,,,,YES
KCHILGN20,148,gillnet,adult,1,148,7/18/2020,F,18,5,,,735,,,RR,S,2051,,,,,YES
KCHILGN20,149,gillnet,adult,1,149,7/18/2020,F,18,6,,,855,,,13,S,2052,,,,,YES
KCHILGN20,150,gillnet,adult,1,150,7/18/2020,M,18,7,,,730,,,RR,S,2053,,,,,YES
KCHILGN20,151,gillnet,adult,1,151,7/18/2020,F,18,8,,,835,,,13,S,2054,,,,,YES
KCHILGN20,152,gillnet,adult,1,152,7/19/2020,M,19,1,,,730,,,13,S,2055,,,,,YES
KCHILGN20,153,gillnet,adult,1,153,7/19/2020,F,19,2,,,785,,,13,S,2056,,,,,YES
KCHILGN20,154,gillnet,adult,1,154,7/19/2020,F,19,3,,,745,,,13,S,2057,,,,,YES
KCHILGN20,155,gillnet,adult,1,155,7/19/2020,F,19,4,,,770,,,13,S,2058,,,,,YES
KCHILGN20,156,gillnet,adult,1,156,7/19/2020,M,19,5,,,795,,,13,S,2059,,,,,YES
KCHILGN20,157,gillnet,adult,1,157,7/20/2020,F,19,6,,,785,,,14,S,2060,,,,,YES
KCHILGN20,158,gillnet,adult,1,158,7/21/2020,F,19,7,,,720,,,13,S,2061,,,,,YES
KCHILFW20,1,fishwheel,adult,1,1,6/13/2020,M,1,1,,,820,,,13,S,2490,,,,,YES
KCHILFW20,2,fishwheel,adult,1,2,6/13/2020,M,1,2,,,530,,,12,S,2492,,,,,YES
KCHILFW20,3,fishwheel,adult,1,3,6/15/2020,M,2,1,,,860,,,13,S,2491,,,,,YES
KCHILFW20,4,fishwheel,adult,1,4,6/16/2020,M,3,1,,,360,,,RR,T,27826,,,,,YES
KCHILFW20,5,fishwheel,adult,1,5,6/16/2020,M,3,2,,,365,,,11,T,27827,,,,,YES
KCHILFW20,6,fishwheel,adult,1,6,6/16/2020,M,3,3,,,510,,,12,S,2493,,,,,YES
KCHILFW20,7,fishwheel,adult,1,7,6/17/2020,F,4,1,,,845,,,14,S,2494,,,,,YES
KCHILFW20,8,fishwheel,adult,1,8,6/17/2020,M,4,2,,,365,,,11,T,27828,,,,,YES
KCHILFW20,9,fishwheel,adult,1,9,6/17/2020,M,4,3,,,815,,,RR,S,2495,,,,,YES
KCHILFW20,10,fishwheel,adult,1,10,6/18/2020,M,5,1,,,735,,,13,S,2496,,,,,YES
KCHILFW20,11,fishwheel,adult,1,11,6/18/2020,F,5,2,,,835,,,14,S,2497,,,,,YES
KCHILFW20,12,fishwheel,adult,1,12,6/18/2020,M,5,3,,,660,,,13,S,2498,,,,,YES
KCHILFW20,13,fishwheel,adult,1,13,6/18/2020,M,5,4,,,410,,,11,T,27892,,,,,YES
KCHILFW20,14,fishwheel,adult,1,14,6/18/2020,F,5,5,,,810,,,13,S,2499,,,,,YES
KCHILFW20,15,fishwheel,adult,1,15,6/18/2020,M,5,6,,,715,,,13,S,2500,,,,,YES
KCHILFW20,16,fishwheel,adult,1,16,6/19/2020,F,6,1,,,830,,,13,S,2501,,,,,YES
KCHILFW20,17,fishwheel,adult,1,17,6/19/2020,M,6,2,,,760,,,13,S,2502,,,,,YES
KCHILFW20,18,fishwheel,adult,1,18,6/19/2020,F,6,3,,,865,,,13,S,2503,,,,,YES
KCHILFW20,19,fishwheel,adult,1,19,6/19/2020,M,6,4,,,900,,,13,S,2504,,,,,YES
KCHILFW20,20,fishwheel,adult,1,20,6/20/2020,F,7,1,,,875,,,13,S,2505,,,,,YES
KCHILFW20,21,fishwheel,adult,1,21,6/20/2020,M,7,2,,,660,,,13,S,2506,,,,,YES
KCHILFW20,22,fishwheel,adult,1,22,6/20/2020,M,7,3,,,745,,,13,S,2507,,,,,YES
KCHILFW20,23,fishwheel,adult,1,23,6/20/2020,M,7,4,,,385,,,11,CWT,CWT,575643,,,,YES
KCHILFW20,24,fishwheel,adult,1,24,6/20/2020,M,7,5,,,565,,,12,S,2508,,,,,YES
KCHILFW20,25,fishwheel,adult,1,25,6/21/2020,F,8,1,,,775,,,14,S,2509,,,,,YES
KCHILFW20,26,fishwheel,adult,1,26,6/21/2020,M,8,2,,,365,,,11,CWT,CWT,559211,,,,YES
KCHILFW20,27,fishwheel,adult,1,27,6/22/2020,M,9,1,,,355,,,11,T,27830,,,,,YES
KCHILFW20,28,fishwheel,adult,1,28,6/22/2020,M,9,2,,,325,,,11,T,27831,,,,,YES
KCHILFW20,29,fishwheel,adult,1,29,6/22/2020,M,9,3,,,640,,,RR,S,2510,,,,recovered Tahini 7.28.2020 M 670,YES
KCHILFW20,30,fishwheel,adult,1,31,6/22/2020,M,9,4,,,440,,,12,S,2511,,,,fish #30 escaped,YES
KCHILFW20,31,fishwheel,adult,1,32,6/22/2020,M,9,5,,,605,,,RR,S,2512,,,,,YES
KCHILFW20,32,fishwheel,adult,1,33,6/22/2020,M,9,6,,,425,,,11,T,27833,,,,,YES
KCHILFW20,33,fishwheel,adult,1,34,6/22/2020,M,9,7,,,360,,,11,T,27835,,,,,YES
KCHILFW20,34,fishwheel,adult,1,35,6/22/2020,M,9,8,,,560,,,12,S,2513,,,,,YES
KCHILFW20,35,fishwheel,adult,1,36,6/22/2020,M,9,9,,,595,,,12,S,2514,,,,,YES
KCHILFW20,36,fishwheel,adult,1,37,6/22/2020,M,9,10,,,335,,,11,T,27836,,,,,YES
KCHILFW20,37,fishwheel,adult,1,38,6/22/2020,M,10,1,,,640,,,13,S,2515,,,,,YES
KCHILFW20,38,fishwheel,adult,1,39,6/22/2020,M,10,2,,,610,,,12,S,2516,,,,,YES
KCHILFW20,39,fishwheel,adult,1,40,6/22/2020,M,10,3,,,425,,,11,T,27837,,,,,YES
KCHILFW20,40,fishwheel,adult,1,41,6/22/2020,M,10,4,,,435,,,12,T,27838,,,,,YES
KCHILFW20,41,fishwheel,adult,1,42,6/22/2020,M,10,5,,,320,,,RR,T,27839,,,,,YES
KCHILFW20,42,fishwheel,adult,1,44,6/22/2020,M,10,6,,,680,,,RR,S,2516,,,,fish #43 escaped,YES
KCHILFW20,43,fishwheel,adult,1,45,6/23/2020,M,11,1,,,850,,,13,S,2518,,,,,YES
KCHILFW20,44,fishwheel,adult,1,46,6/23/2020,F,11,2,,,705,,,13,S,2519,,,,,YES
KCHILFW20,45,fishwheel,adult,1,47,6/23/2020,M,11,3,,,380,,,11,T,27840,,,,,YES
KCHILFW20,46,fishwheel,adult,1,48,6/23/2020,F,11,4,,,800,,,13,S,2520,,,,,YES
KCHILFW20,47,fishwheel,adult,1,49,6/23/2020,M,11,5,,,630,,,12,S,2521,,,,,YES
KCHILFW20,48,fishwheel,adult,1,50,6/23/2020,F,11,6,,,945,,,R3,S,2522,,,,,YES
KCHILFW20,49,fishwheel,adult,1,51,6/23/2020,M,11,7,,,790,,,R3,S,2523,,,,,YES
KCHILFW20,50,fishwheel,adult,1,52,6/23/2020,M,11,8,,,390,,,11,T,27841,,,,,YES
KCHILFW20,51,fishwheel,adult,1,53,6/23/2020,F,11,9,,,795,,,13,S,2524,,,,,YES
KCHILFW20,52,fishwheel,adult,1,54,6/23/2020,M,11,10,,,330,,,11,T,27842,,,,,YES
KCHILFW20,53,fishwheel,adult,1,55,6/23/2020,M,12,1,,,665,,,12,S,2526,,,,recovered Tahini 8.11.2020 M 610,YES
KCHILFW20,54,fishwheel,adult,1,56,6/23/2020,F,12,2,,,760,,,13,S,2527,,,,,YES
KCHILFW20,55,fishwheel,adult,1,57,6/23/2020,F,12,3,,,915,,,RR,S,2525,,,,,YES
KCHILFW20,NA,fishwheel,adult,1,58,6/23/2020,M,12,4,,,330,,,11,T,27843,,,,,NO
KCHILFW20,56,fishwheel,adult,1,59,6/24/2020,M,13,1,,,775,,,13,S,2528,,,,,YES
KCHILFW20,57,fishwheel,adult,1,60,6/24/2020,M,13,2,,,405,,,11,T,27844,,,,,YES
KCHILFW20,58,fishwheel,adult,1,61,6/24/2020,M,13,3,,,710,,,13,S,2529,,,,recovered Tahini 8.11.2020 M 690,YES
KCHILFW20,59,fishwheel,adult,1,62,6/24/2020,F,13,4,,,920,,,R3,S,2530,,,,,YES
KCHILFW20,60,fishwheel,adult,1,63,6/24/2020,M,13,5,,,715,,,13,S,2532,,,,,YES
KCHILFW20,61,fishwheel,adult,1,64,6/24/2020,F,13,6,,,500,,,12,S,2533,,,,,YES
KCHILFW20,62,fishwheel,adult,1,65,6/24/2020,M,13,7,,,530,,,12,S,2534,,,,,YES
KCHILFW20,63,fishwheel,adult,1,66,6/24/2020,M,13,8,,,370,,,RR,T,27845,,,,,YES
KCHILFW20,64,fishwheel,adult,1,67,6/24/2020,M,13,9,,,360,,,11,T,27846,,,,,YES
KCHILFW20,65,fishwheel,adult,1,68,6/24/2020,F,13,10,,,775,,,13,S,2535,,,,,YES
KCHILFW20,66,fishwheel,adult,1,69,6/25/2020,F,14,1,,,535,,,R2,S,2531,,,,tag # out of sequence,YES
KCHILFW20,67,fishwheel,adult,1,70,6/25/2020,F,14,2,,,605,,,12,S,2536,,,,,YES
KCHILFW20,68,fishwheel,adult,1,71,6/27/2020,M,15,1,,,340,,,11,T,1251,,,,,YES
KCHILFW20,69,fishwheel,adult,1,72,6/27/2020,M,15,2,,,385,,,RR,T,1252,,,,,YES
KCHILFW20,70,fishwheel,adult,1,73,6/28/2020,M,16,1,,,945,,,13,S,2537,,,,,YES
KCHILFW20,71,fishwheel,adult,1,75,6/28/2020,M,16,2,,,360,,,11,T,1253,,,,fish #74 escaped,YES
KCHILFW20,72,fishwheel,adult,1,76,6/28/2020,M,16,3,,,445,,,11,S,2538,,,,,YES
KCHILFW20,73,fishwheel,adult,1,77,6/29/2020,M,17,1,,,420,,,11,T,1254,,,,,YES
KCHILFW20,74,fishwheel,adult,1,78,6/29/2020,M,17,2,,,820,,,RR,S,2539,,,,,YES
KCHILFW20,75,fishwheel,adult,1,79,6/29/2020,M,17,3,,,760,,,13,S,2540,,,,recovered Kelsall 8.12.2020 M 760,YES
KCHILFW20,76,fishwheel,adult,1,80,6/29/2020,M,17,4,,,860,,,13,S,2541,,,,,YES
KCHILFW20,77,fishwheel,adult,1,81,6/29/2020,M,17,5,,,575,,,12,S,2542,,,,,YES
KCHILFW20,78,fishwheel,adult,1,82,6/30/2020,M,18,1,,,340,,,11,T,1255,,,,,YES
KCHILFW20,79,fishwheel,adult,1,83,6/30/2020,M,18,2,,,430,,,11,T,1256,,,,,YES
KCHILFW20,80,fishwheel,adult,1,84,6/30/2020,M,18,3,,,385,,,RR,T,1257,,,,,YES
KCHILFW20,81,fishwheel,adult,1,85,7/1/2020,M,19,1,,,570,,,13,S,2543,,,,,YES
KCHILFW20,82,fishwheel,adult,1,86,7/1/2020,M,19,2,,,800,,,R3,S,2544,,,,,YES
KCHILFW20,83,fishwheel,adult,1,87,7/2/2020,M,20,1,,,390,,,11,T,1258,,,,,YES
KCHILFW20,84,fishwheel,adult,1,88,7/2/2020,M,20,2,,,475,,,12,S,2550,,,,,YES
KCHILFW20,85,fishwheel,adult,1,89,7/3/2020,M,21,1,,,390,,,11,T,1259,,,,,YES
KCHILFW20,86,fishwheel,adult,1,90,7/3/2020,M,21,2,,,335,,,11,T,1260,,,,,YES
KCHILFW20,87,fishwheel,adult,1,91,7/4/2020,M,22,1,,,420,,,11,T,1261,,,,,YES
KCHILFW20,88,fishwheel,adult,1,92,7/4/2020,M,22,2,,,850,,,13,S,2545,,,,,YES
KCHILFW20,89,fishwheel,adult,1,93,7/4/2020,F,22,3,,,955,,,13,S,2546,,,,,YES
KCHILFW20,90,fishwheel,adult,1,94,7/4/2020,M,22,4,,,485,,,R2,S,2547,,,,,YES
KCHILFW20,91,fishwheel,adult,1,95,7/4/2020,F,22,5,,,770,,,13,S,2548,,,,recovered Kelsall 8.10.2020 F 770,YES
KCHILFW20,92,fishwheel,adult,1,96,7/4/2020,M,22,6,,,395,,,11,T,27875,,,,,YES
KCHILFW20,93,fishwheel,adult,1,97,7/4/2020,M,22,7,,,370,,,11,T,27876,,,,,YES
KCHILFW20,94,fishwheel,adult,1,98,7/4/2020,M,22,8,,,325,,,11,T,27874,,,,,YES
KCHILFW20,95,fishwheel,adult,1,99,7/5/2020,M,23,1,,,895,,,14,S,2549,,,,,YES
KCHILFW20,96,fishwheel,adult,1,101,7/5/2020,F,23,2,,,880,,,R3,S,2551,,,,fish # 100 escaped,YES
KCHILFW20,97,fishwheel,adult,1,102,7/5/2020,M,23,3,,,560,,,12,S,2552,,,,,YES
KCHILFW20,98,fishwheel,adult,1,103,7/5/2020,M,23,4,,,555,,,12,S,2553,,,,,YES
KCHILFW20,99,fishwheel,adult,1,104,7/5/2020,M,23,5,,,375,,,11,CWT,CWT,359212,,,,YES
KCHILFW20,100,fishwheel,adult,1,105,7/5/2020,F,23,6,,,865,,,13,S,2554,,,,,YES
KCHILFW20,101,fishwheel,adult,1,106,7/6/2020,F,24,1,,,800,,,13,S,2555,,,,,YES
KCHILFW20,102,fishwheel,adult,1,107,7/6/2020,M,24,2,,,350,,,11,T,1262,,,,,YES
KCHILFW20,103,fishwheel,adult,1,108,7/6/2020,F,24,3,,,770,,,13,S,2556,,,,,YES
KCHILFW20,104,fishwheel,adult,1,109,7/7/2020,M,25,1,,,370,,,11,T,1263,,,,,YES
KCHILFW20,105,fishwheel,adult,1,110,7/7/2020,M,25,2,,,380,,,11,T,1264,,,,,YES
KCHILFW20,106,fishwheel,adult,1,111,7/7/2020,F,25,3,,,805,,,13,S,2557,,,,,YES
KCHILFW20,107,fishwheel,adult,1,112,7/7/2020,M,25,4,,,435,,,11,T,1265,,,,,YES
KCHILFW20,108,fishwheel,adult,1,113,7/7/2020,M,25,5,,,760,,,13,S,2558,,,,,YES
KCHILFW20,109,fishwheel,adult,1,114,7/7/2020,M,25,6,,,340,,,11,T,1266,,,,,YES
KCHILFW20,110,fishwheel,adult,1,115,7/7/2020,M,25,7,,,405,,,RR,T,1267,,,,,YES
KCHILFW20,111,fishwheel,adult,1,116,7/7/2020,M,25,8,,,515,,,12,S,2559,,,,,YES
KCHILFW20,112,fishwheel,adult,1,117,7/7/2020,F,25,9,,,695,,,13,S,2560,,,,,YES
KCHILFW20,113,fishwheel,adult,1,118,7/8/2020,F,26,1,,,615,,,12,S,2561,,,,,YES
KCHILFW20,114,fishwheel,adult,1,119,7/8/2020,M,27,1,,,395,,,11,T,1268,,,,,YES
KCHILFW20,115,fishwheel,adult,1,120,7/9/2020,M,27,2,,,820,,,R3,S,2562,,,,,YES
KCHILFW20,116,fishwheel,adult,1,121,7/9/2020,M,27,3,,,455,,,RR,S,2563,,,,,YES
KCHILFW20,117,fishwheel,adult,1,122,7/10/2020,F,28,1,,,900,,,13,S,2564,,,,recovered Tahini 8.13.2020 M 860,YES
KCHILFW20,118,fishwheel,adult,1,123,7/10/2020,F,28,2,,,825,,,13,S,2565,,,,,YES
KCHILFW20,119,fishwheel,adult,1,124,7/10/2020,M,28,3,,,630,,,R2,S,2566,,,,,YES
KCHILFW20,120,fishwheel,adult,1,125,7/10/2020,M,28,4,,,420,,,RR,T,1269,,,,,YES
KCHILFW20,121,fishwheel,adult,1,126,7/11/2020,M,29,1,,,375,,,11,CWT,CWT,,,,559214,YES
KCHILFW20,122,fishwheel,adult,1,127,7/11/2020,F,29,2,,,750,,,13,S,2567,,,,,YES
KCHILFW20,123,fishwheel,adult,1,128,7/11/2020,F,29,3,,,740,,,13,S,2568,,,,,YES
KCHILFW20,124,fishwheel,adult,1,129,7/11/2020,M,29,4,,,370,,,11,T,1270,,,,,YES
KCHILFW20,125,fishwheel,adult,1,130,7/11/2020,M,29,5,,,335,,,11,T,1271,,,,,YES
KCHILFW20,126,fishwheel,adult,1,131,7/12/2020,F,30,1,,,735,,,13,S,2569,,,,,YES
KCHILFW20,127,fishwheel,adult,1,132,7/13/2020,M,31,1,,,340,,,11,T,1272,,,,,YES
KCHILFW20,128,fishwheel,adult,1,133,7/13/2020,F,31,2,,,765,,,14,S,2570,,,,,YES
KCHILFW20,129,fishwheel,adult,1,134,7/13/2020,M,31,3,,,350,,,11,T,1273,,,,,YES
KCHILFW20,130,fishwheel,adult,1,135,7/14/2020,M,32,1,,,385,,,11,T,1274,,,,,YES
KCHILFW20,131,fishwheel,adult,1,136,7/15/2020,M,33,1,,,625,,,12,S,2574,,,,,YES
KCHILFW20,132,fishwheel,adult,1,138,7/15/2020,M,33,2,,,530,,,RR,S,2575,,,,fish # 137 escaped,YES
KCHILFW20,133,fishwheel,adult,1,139,7/15/2020,F,33,3,,,770,,,R3,S,2576,,,,,YES
KCHILFW20,134,fishwheel,adult,1,140,7/16/2020,M,34,1,,,740,,,13,S,2577,,,,,YES
KCHILFW20,135,fishwheel,adult,1,141,7/16/2020,M,34,2,,,410,,,RR,T,1275,,,,,YES
KCHILFW20,136,fishwheel,adult,1,142,7/17/2020,F,35,1,,,755,,,13,S,2578,,,,,YES
KCHILFW20,137,fishwheel,adult,1,143,7/17/2020,F,35,2,,,805,,,13,S,2579,,,,,YES
KCHILFW20,138,fishwheel,adult,1,144,7/17/2020,F,35,3,,,775,,,13,S,2580,,,,,YES
KCHILFW20,139,fishwheel,adult,1,145,7/17/2020,F,35,4,,,755,,,14,S,2581,,,,recoverd Tahini 8.19.2020 F 780,YES
KCHILFW20,140,fishwheel,adult,1,146,7/18/2020,M,36,1,,,590,,,12,S,2582,,,,,YES
KCHILFW20,141,fishwheel,adult,1,147,7/18/2020,F,36,2,,,780,,,13,S,2583,,,,,YES
KCHILFW20,142,fishwheel,adult,1,148,7/19/2020,F,37,1,,,720,,,R3,S,2584,,,,,YES
KCHILFW20,143,fishwheel,adult,1,149,7/19/2020,F,37,2,,,645,,,13,S,2585,,,,,YES
KCHILFW20,144,fishwheel,adult,1,150,7/19/2020,M,37,3,,,725,,,13,S,2586,,,,,YES
KCHILFW20,145,fishwheel,adult,1,151,7/19/2020,F,37,4,,,670,,,13,S,2587,,,,,YES
KCHILFW20,146,fishwheel,adult,1,152,7/19/2020,M,37,5,,,530,,,12,S,2588,,,,,YES
KCHILFW20,147,fishwheel,adult,1,153,7/19/2020,M,37,6,,,530,,,12,S,2589,,,,,YES
KCHILFW20,148,fishwheel,adult,1,154,7/19/2020,M,37,7,,,500,,,RR,S,2590,,,,,YES
KCHILFW20,149,fishwheel,adult,1,155,7/19/2020,F,37,8,,,680,,,R3,S,2591,,,,,YES
KCHILFW20,150,fishwheel,adult,1,156,7/20/2020,F,38,1,,,725,,,13,S,2592,,,,,YES
KCHILFW20,151,fishwheel,adult,1,157,7/20/2020,M,38,2,,,790,,,R3,S,2593,,,,,YES
KCHILFW20,152,fishwheel,adult,1,159,7/24/2020,F,39,1,,,,,,13,S,2594,,,,fish # 158 escaped,YES
KCHILFW20,153,fishwheel,adult,1,160,7/27/2020,F,40,1,,,,,,13,S,2595,,,,,YES
KCHILFW20,154,fishwheel,adult,1,161,7/28/2020,M,41,1,,,,,,RR,S,2596,,,,,YES
KTAHI20,1,Tahni,adult,2,1,7/28/2020,F,1,1,,,810,,,13,,,,,,,YES
KTAHI20,2,Tahni,adult,2,2,7/28/2020,M,1,2,,,670,,,RR,S,2510,,,,tagged FW 6.22.2020 M 640,YES
KTAHI20,3,Tahni,adult,2,3,7/28/2020,M,1,3,,,890,,,R3,,,,,,,YES
KTAHI20,4,Tahni,adult,2,4,7/28/2020,M,1,4,,,820,,,13,,,,,,,YES
KTAHI20,5,Tahni,adult,2,5,7/30/2020,M,1,5,,,700,,,13,,,,,,,YES
KTAHI20,6,Tahni,adult,2,6,7/30/2020,F,1,6,,,820,,,13,,,,,,,YES
KTAHI20,7,Tahni,adult,2,7,7/30/2020,M,1,7,,,690,,,RR,,,,,,,YES
KTAHI20,8,Tahni,adult,2,8,7/30/2020,M,1,8,,,720,,,R3,,,,,,,YES
KTAHI20,9,Tahni,adult,2,9,7/30/2020,M,1,9,,,780,,,RR,,,,,,,YES
KTAHI20,10,Tahni,adult,2,10,7/30/2020,M,1,10,,,870,,,13,,,,,,,YES
KTAHI20,11,Tahni,adult,2,11,7/30/2020,M,2,1,,,790,,,13,,,,,,,YES
KTAHI20,12,Tahni,adult,2,12,7/30/2020,M,2,2,,,680,,,12,,,,,,,YES
KTAHI20,13,Tahni,adult,2,13,7/30/2020,M,2,3,,,790,,,13,,,,,,,YES
KTAHI20,14,Tahni,adult,2,14,7/30/2020,M,2,4,,,860,,,13,,,,,,,YES
KTAHI20,15,Tahni,adult,2,15,7/31/2020,M,2,5,,,700,,,14,,,,,,,YES
KTAHI20,16,Tahni,adult,2,16,7/31/2020,M,2,6,,,690,,,12,,,,,,,YES
KTAHI20,17,Tahni,adult,2,17,7/31/2020,M,2,7,,,640,,,13,,,,,,,YES
KTAHI20,18,Tahni,adult,2,18,7/31/2020,M,2,8,,,360,,,11,,,,,,,YES
KTAHI20,19,Tahni,adult,2,19,7/31/2020,M,2,9,,,720,,,13,,,,,,,YES
KTAHI20,20,Tahni,adult,2,20,7/31/2020,F,2,10,,,710,,,R3,S,2009,,,,tagged GN 7.12.2020 F 710,YES
KTAHI20,21,Tahni,adult,2,21,8/3/2020,M,3,1,,,810,,,R3,,,,,,,YES
KTAHI20,22,Tahni,adult,2,22,8/3/2020,M,3,2,,,795,,,13,,,,,,,YES
KTAHI20,23,Tahni,adult,2,23,8/3/2020,M,3,3,,,620,,,RR,,,,,,,YES
KTAHI20,24,Tahni,adult,2,24,8/3/2020,F,3,4,,,730,,,13,,,,,,,YES
KTAHI20,25,Tahni,adult,2,25,8/3/2020,F,3,5,,,790,,,13,,,,,,,YES
KTAHI20,26,Tahni,adult,2,26,8/3/2020,M,3,6,,,1000,,,14,,,,,,,YES
KTAHI20,27,Tahni,adult,2,27,8/3/2020,M,3,7,,,755,,,RR,,,,,,,YES
KTAHI20,28,Tahni,adult,2,28,8/3/2020,M,3,8,,,770,,,13,,,,,,,YES
KTAHI20,29,Tahni,adult,2,29,8/3/2020,M,3,9,,,900,,,14,,,,,,,YES
KTAHI20,30,Tahni,adult,2,30,8/3/2020,M,3,10,,,560,,,12,,,,,,,YES
KTAHI20,31,Tahni,adult,2,31,8/3/2020,M,4,1,,,790,,,RR,,,,,,,YES
KTAHI20,32,Tahni,adult,2,32,8/3/2020,M,4,2,,,630,,,12,,,,,,,YES
KTAHI20,33,Tahni,adult,2,33,8/3/2020,F,4,3,,,820,,,13,S,1926,,,,tagged GN 6.22.2020 F 800,YES
KTAHI20,34,Tahni,adult,2,34,8/5/2020,F,4,4,,,810,,,R3,S,1984,,,,tagged GN 7.5.2020 F 830,YES
KTAHI20,35,Tahni,adult,2,35,8/5/2020,F,4,5,,,780,,,13,,,,,,,YES
KTAHI20,36,Tahni,adult,2,36,8/5/2020,F,4,6,,,900,,,13,,,,,,,YES
KTAHI20,37,Tahni,adult,2,37,8/5/2020,F,4,7,,,720,,,13,,,,,,,YES
KTAHI20,38,Tahni,adult,2,38,8/5/2020,M,4,8,,,760,,,13,,,,,,,YES
KTAHI20,39,Tahni,adult,2,39,8/5/2020,M,4,9,,,500,,,R2,,,,,,,YES
KTAHI20,40,Tahni,adult,2,40,8/5/2020,M,4,10,,,680,,,12,,,,,,,YES
KTAHI20,41,Tahni,adult,2,41,8/5/2020,F,5,1,,,780,,,13,,,,,,,YES
KTAHI20,42,Tahni,adult,2,42,8/6/2020,M,5,2,,,640,,,13,,,,,,,YES
KTAHI20,43,Tahni,adult,2,43,8/6/2020,F,5,3,,,820,,,13,,,,,,,YES
KTAHI20,44,Tahni,adult,2,44,8/6/2020,F,5,4,,,800,,,13,,,,,,,YES
KTAHI20,45,Tahni,adult,2,45,8/6/2020,M,5,5,,,830,,,R3,,,,,,,YES
KTAHI20,46,Tahni,adult,2,46,8/6/2020,M,5,6,,,750,,,R3,,,,,,,YES
KTAHI20,47,Tahni,adult,2,47,8/6/2020,M,5,7,,,945,,,14,,,,,,,YES
KTAHI20,48,Tahni,adult,2,48,8/6/2020,M,5,8,,,680,,,13,,,,,,,YES
KTAHI20,49,Tahni,adult,2,49,8/6/2020,F,5,9,,,780,,,13,S,1907,,,,tagged GN 6.11.2020 F 810,YES
KTAHI20,50,Tahni,adult,2,50,8/6/2020,M,5,10,,,830,,,R3,,,,,,,YES
KTAHI20,51,Tahni,adult,2,51,8/6/2020,M,6,1,,,890,,,13,,,,,,,YES
KTAHI20,52,Tahni,adult,2,52,8/6/2020,F,6,2,,,860,,,R4,,,,,,,YES
KTAHI20,53,Tahni,adult,2,53,8/6/2020,F,6,3,,,740,,,13,,,,,,,YES
KTAHI20,54,Tahni,adult,2,54,8/6/2020,M,6,4,,,745,,,13,,,,,,,YES
KTAHI20,55,Tahni,adult,2,55,8/6/2020,M,6,5,,,720,,,13,,,,,,,YES
KTAHI20,56,Tahni,adult,2,56,8/6/2020,F,6,6,,,860,,,13,S,1961,,,,tagged GN 6.30.2020 F 860,YES
KTAHI20,57,Tahni,adult,2,57,8/6/2020,F,6,7,,,780,,,RR,,,,,,,YES
KTAHI20,58,Tahni,adult,2,58,8/6/2020,F,6,8,,,840,,,14,,,,,,,YES
KTAHI20,59,Tahni,adult,2,59,8/6/2020,F,6,9,,,790,,,13,S,1992,,,,tagged GN 7.7.2020 F 780,NO
KTAHI20,60,Tahni,adult,2,60,8/6/2020,M,6,10,,,860,,,14,,,,,,,YES
KTAHI20,61,Tahni,adult,2,61,8/6/2020,M,7,1,,,705,,,13,,,,,,,YES
KTAHI20,62,Tahni,adult,2,62,8/6/2020,M,7,2,,,850,,,13,,,,,,,YES
KTAHI20,63,Tahni,adult,2,63,8/6/2020,F,7,3,,,940,,,14,,,,,,,YES
KTAHI20,64,Tahni,adult,2,64,8/6/2020,M,7,4,,,870,,,13,,,,,,,YES
KTAHI20,65,Tahni,adult,2,65,8/6/2020,M,7,5,,,720,,,13,,,,,,,YES
KTAHI20,66,Tahni,adult,2,66,8/7/2020,F,8,1,,,750,,,13,,,,,,,YES
KTAHI20,67,Tahni,adult,2,67,8/7/2020,F,8,2,,,720,,,13,,,,,,,YES
KTAHI20,68,Tahni,adult,2,68,8/7/2020,F,8,3,,,750,,,R3,,,,,,,YES
KTAHI20,69,Tahni,adult,2,69,8/7/2020,M,8,4,,,850,,,13,,,,,,,YES
KTAHI20,70,Tahni,adult,2,70,8/7/2020,F,8,5,,,730,,,13,,,,,,,YES
KTAHI20,71,Tahni,adult,2,71,8/7/2020,M,8,6,,,780,,,R3,,,,,,,YES
KTAHI20,72,Tahni,adult,2,72,8/7/2020,F,8,7,,,750,,,R3,,,,,,,YES
KTAHI20,73,Tahni,adult,2,73,8/7/2020,F,8,8,,,770,,,13,,,,,,,YES
KTAHI20,74,Tahni,adult,2,74,8/7/2020,M,8,9,,,695,,,12,,,,,,,YES
KTAHI20,75,Tahni,adult,2,75,8/7/2020,M,8,10,,,630,,,12,,,,,,,YES
KTAHI20,76,Tahni,adult,2,76,8/7/2020,F,9,1,,,770,,,13,,,,,,,YES
KTAHI20,77,Tahni,adult,2,77,8/7/2020,F,9,2,,,900,,,14,,,,,,,YES
KTAHI20,78,Tahni,adult,2,78,8/7/2020,M,9,3,,,955,,,14,,,,,,,YES
KTAHI20,79,Tahni,adult,2,79,8/7/2020,M,9,4,,,720,,,13,,,,,,,YES
KTAHI20,80,Tahni,adult,2,80,8/7/2020,M,9,5,,,790,,,RR,,,,,,,YES
KTAHI20,81,Tahni,adult,2,81,8/11/2020,M,10,1,,,645,,,12,,,,,,,YES
KTAHI20,82,Tahni,adult,2,82,8/11/2020,F,10,2,,,735,,,13,,,,,,,YES
KTAHI20,83,Tahni,adult,2,83,8/11/2020,M,10,3,,,830,,,R3,,,,,,,YES
KTAHI20,84,Tahni,adult,2,84,8/11/2020,M,10,4,,,840,,,R3,,,,,,,YES
KTAHI20,85,Tahni,adult,2,85,8/11/2020,M,10,5,,,610,,,12,,,,,,,YES
KTAHI20,86,Tahni,adult,2,86,8/11/2020,M,10,6,,,610,,,12,,,,,,,YES
KTAHI20,87,Tahni,adult,2,87,8/11/2020,M,10,7,,,710,,,13,,,,,,,YES
KTAHI20,88,Tahni,adult,2,88,8/11/2020,M,10,8,,,815,,,14,,,,,,,YES
KTAHI20,89,Tahni,adult,2,89,8/11/2020,M,10,9,,,860,,,13,,,,,,,YES
KTAHI20,90,Tahni,adult,2,90,8/11/2020,M,10,10,,,560,,,12,,,,,,,YES
KTAHI20,91,Tahni,adult,2,91,8/11/2020,M,11,1,,,840,,,13,,,,,,,YES
KTAHI20,92,Tahni,adult,2,92,8/11/2020,M,11,2,,,610,,,RR,S,2526,,,,tagged FW 6.23.2020 M 665,YES
KTAHI20,93,Tahni,adult,2,93,8/11/2020,F,11,3,,,800,,,13,,,,,,,YES
KTAHI20,94,Tahni,adult,2,94,8/11/2020,M,11,4,,,610,,,R2,,,,,,,YES
KTAHI20,95,Tahni,adult,2,95,8/11/2020,F,11,5,,,820,,,RR,,,,,,,YES
KTAHI20,96,Tahni,adult,2,96,8/11/2020,M,11,6,,,890,,,13,,,,,,,YES
KTAHI20,97,Tahni,adult,2,97,8/11/2020,M,11,7,,,790,,,13,,,,,,,YES
KTAHI20,98,Tahni,adult,2,98,8/11/2020,F,11,8,,,695,,,R3,S,2044,,,,tagged GN 7.17.2020 M 680,YES
KTAHI20,99,Tahni,adult,2,99,8/11/2020,M,11,9,,,275,,,11,,,,,,,YES
KTAHI20,100,Tahni,adult,2,100,8/11/2020,M,11,10,,,525,,,R2,,,,,,,YES
KTAHI20,101,Tahni,adult,2,101,8/11/2020,F,12,1,,,830,,,R3,S,1929,,,,tagged GN 6.23.2020 F 780,YES
KTAHI20,102,Tahni,adult,2,102,8/11/2020,M,12,2,,,850,,,13,,,,,,,YES
KTAHI20,103,Tahni,adult,2,103,8/11/2020,M,12,3,,,890,,,RR,,,,,,,YES
KTAHI20,104,Tahni,adult,2,104,8/11/2020,M,12,4,,,750,,,R3,,,,,,,YES
KTAHI20,105,Tahni,adult,2,105,8/11/2020,F,12,5,,,800,,,13,,,,,,,YES
KTAHI20,106,Tahni,adult,2,106,8/11/2020,M,12,6,,,730,,,13,,,,,,,YES
KTAHI20,107,Tahni,adult,2,107,8/11/2020,F,12,7,,,770,,,R3,,,,,,,YES
KTAHI20,108,Tahni,adult,2,108,8/11/2020,M,12,8,,,660,,,R3,,,,,,,YES
KTAHI20,109,Tahni,adult,2,109,8/11/2020,M,12,9,,,840,,,13,,,,,,,YES
KTAHI20,110,Tahni,adult,2,110,8/11/2020,M,12,10,,,560,,,12,,,,,,,YES
KTAHI20,111,Tahni,adult,2,111,8/11/2020,F,13,1,,,850,,,RR,,,,,,,YES
KTAHI20,112,Tahni,adult,2,112,8/11/2020,M,13,2,,,745,,,13,,,,,,,YES
KTAHI20,113,Tahni,adult,2,113,8/11/2020,M,13,3,,,690,,,13,,,,,,,YES
KTAHI20,114,Tahni,adult,2,114,8/11/2020,M,13,4,,,690,,,R3,S,2529,,,,tagged FW 6.24.2020 M 710,YES
KTAHI20,115,Tahni,adult,2,115,8/11/2020,M,13,5,,,910,,,13,,,,,,,YES
KTAHI20,116,Tahni,adult,2,116,8/11/2020,M,13,6,,,685,,,12,,,,,,,YES
KTAHI20,117,Tahni,adult,2,117,8/11/2020,M,13,7,,,560,,,12,,,,,,,YES
KTAHI20,118,Tahni,adult,2,118,8/11/2020,M,13,8,,,700,,,R3,,,,,,,YES
KTAHI20,119,Tahni,adult,2,119,8/11/2020,M,13,9,,,770,,,13,,,,,,,YES
KTAHI20,120,Tahni,adult,2,120,8/11/2020,M,13,10,,,605,,,12,,,,,,,YES
KTAHI20,121,Tahni,adult,2,121,8/11/2020,F,14,1,,,770,,,13,,,,,,,YES
KTAHI20,122,Tahni,adult,2,122,8/11/2020,M,14,2,,,800,,,R3,,,,,,,YES
KTAHI20,123,Tahni,adult,2,123,8/11/2020,M,14,3,,,680,,,13,,,,,,,YES
KTAHI20,124,Tahni,adult,2,124,8/11/2020,F,14,4,,,900,,,14,,,,,,,YES
KTAHI20,125,Tahni,adult,2,125,8/13/2020,M,15,1,,,860,,,13,,,,,,,YES
KTAHI20,126,Tahni,adult,2,126,8/13/2020,M,15,2,,,630,,,RR,,,,,,,YES
KTAHI20,127,Tahni,adult,2,127,8/13/2020,M,15,3,,,620,,,12,,,,,,,YES
KTAHI20,128,Tahni,adult,2,128,8/13/2020,M,15,4,,,690,,,12,,,,,,,YES
KTAHI20,129,Tahni,adult,2,129,8/13/2020,F,15,5,,,845,,,R3,,,,,,,YES
KTAHI20,130,Tahni,adult,2,130,8/13/2020,F,15,6,,,810,,,13,,,,,,,YES
KTAHI20,131,Tahni,adult,2,131,8/13/2020,M,15,7,,,755,,,13,,,,,,,YES
KTAHI20,132,Tahni,adult,2,132,8/13/2020,F,15,8,,,710,,,R3,,,,,,,YES
KTAHI20,133,Tahni,adult,2,133,8/13/2020,M,15,9,,,830,,,13,,,,,,,YES
KTAHI20,134,Tahni,adult,2,134,8/13/2020,M,15,10,,,650,,,12,,,,,,,YES
KTAHI20,135,Tahni,adult,2,135,8/13/2020,M,16,1,,,730,,,13,,,,,,,YES
KTAHI20,136,Tahni,adult,2,136,8/13/2020,M,16,2,,,650,,,12,,,,,,,YES
KTAHI20,137,Tahni,adult,2,137,8/13/2020,M,16,3,,,790,,,13,,,,,,,YES
KTAHI20,138,Tahni,adult,2,138,8/13/2020,M,16,4,,,810,,,13,,,,,,,YES
KTAHI20,139,Tahni,adult,2,139,8/13/2020,F,16,5,,,710,,,RR,,,,,,,YES
KTAHI20,140,Tahni,adult,2,140,8/13/2020,F,16,6,,,890,,,13,,,,,,,YES
KTAHI20,141,Tahni,adult,2,141,8/13/2020,F,16,7,,,800,,,13,,,,,,,YES
KTAHI20,142,Tahni,adult,2,142,8/13/2020,M,16,8,,,520,,,RR,,,,,,,YES
KTAHI20,143,Tahni,adult,2,143,8/13/2020,M,16,9,,,920,,,RR,,,,,,,YES
KTAHI20,144,Tahni,adult,2,144,8/13/2020,M,16,10,,,920,,,13,,,,,,,YES
KTAHI20,145,Tahni,adult,2,145,8/13/2020,M,17,1,,,780,,,13,,,,,,,YES
KTAHI20,146,Tahni,adult,2,146,8/13/2020,M,17,2,,,680,,,RR,,,,,,,YES
KTAHI20,147,Tahni,adult,2,147,8/13/2020,F,17,3,,,780,,,13,,,,,,,YES
KTAHI20,148,Tahni,adult,2,148,8/13/2020,F,17,4,,,800,,,14,,,,,,,YES
KTAHI20,149,Tahni,adult,2,149,8/13/2020,M,17,5,,,700,,,13,,,,,,,YES
KTAHI20,150,Tahni,adult,2,150,8/13/2020,M,17,6,,,700,,,12,,,,,,,YES
KTAHI20,151,Tahni,adult,2,151,8/13/2020,M,17,7,,,840,,,13,,,,,,,YES
KTAHI20,152,Tahni,adult,2,152,8/13/2020,M,17,8,,,900,,,13,,,,,,,YES
KTAHI20,153,Tahni,adult,2,153,8/13/2020,M,17,9,,,680,,,12,,,,,,,YES
KTAHI20,154,Tahni,adult,2,154,8/13/2020,F,17,10,,,780,,,13,,,,,,,YES
KTAHI20,155,Tahni,adult,2,155,8/13/2020,M,18,1,,,840,,,13,,,,,,,YES
KTAHI20,156,Tahni,adult,2,156,8/13/2020,F,18,2,,,880,,,13,,,,,,,YES
KTAHI20,157,Tahni,adult,2,157,8/13/2020,M,18,3,,,860,,,13,S,2564,,,,tagged FW 7.10.2020 F 900,YES
KTAHI20,158,Tahni,adult,2,158,8/13/2020,F,18,4,,,770,,,13,,,,,,,YES
KTAHI20,159,Tahni,adult,2,159,8/17/2020,F,19,1,,,930,,,14,,,,,,,YES
KTAHI20,160,Tahni,adult,2,160,8/17/2020,F,19,2,,,740,,,14,,,,,,,YES
KTAHI20,161,Tahni,adult,2,161,8/17/2020,M,19,3,,,700,,,1R,,,,,,,YES
KTAHI20,162,Tahni,adult,2,162,8/17/2020,F,19,4,,,890,,,R3,,,,,,,YES
KTAHI20,163,Tahni,adult,2,163,8/17/2020,M,19,5,,,660,,,12,,,,,,,YES
KTAHI20,164,Tahni,adult,2,164,8/17/2020,M,19,6,,,750,,,R3,,,,,,,YES
KTAHI20,165,Tahni,adult,2,165,8/17/2020,M,19,7,,,800,,,13,,,,,,,YES
KTAHI20,166,Tahni,adult,2,166,8/17/2020,F,19,8,,,820,,,13,,,,,,,YES
KTAHI20,167,Tahni,adult,2,167,8/17/2020,M,19,9,,,630,,,R2,,,,,,,YES
KTAHI20,168,Tahni,adult,2,168,8/17/2020,M,19,10,,,820,,,13,,,,,,,YES
KTAHI20,169,Tahni,adult,2,169,8/17/2020,F,20,1,,,780,,,13,,,,,,,YES
KTAHI20,170,Tahni,adult,2,170,8/19/2020,M,20,2,,,640,,,12,,,,,,,YES
KTAHI20,171,Tahni,adult,2,171,8/19/2020,M,20,3,,,665,,,RR,,,,,,,YES
KTAHI20,172,Tahni,adult,2,172,8/19/2020,M,20,4,,,850,,,13,,,,,,,YES
KTAHI20,173,Tahni,adult,2,173,8/19/2020,F,20,5,,,780,,,13,S,2581,,,,tagged FW 7.17.2020 F 755,YES
KTAHI20,174,Tahni,adult,2,174,8/19/2020,F,20,6,,,730,,,13,,,,,,,YES
KTAHI20,175,Tahni,adult,2,175,8/19/2020,M,20,7,,,810,,,14,,,,,,,YES
KTAHI20,176,Tahni,adult,2,176,8/19/2020,M,20,8,,,685,,,12,,,,,,,YES
KTAHI20,177,Tahni,adult,2,177,8/19/2020,M,20,9,,,610,,,12,,,,,,,YES
KTAHI20,178,Tahni,adult,2,178,8/19/2020,F,20,10,,,690,,,13,,,,,,,YES
KTAHI20,179,Tahni,adult,2,179,8/19/2020,M,21,1,,,620,,,13,,,,,,,YES
KTAHI20,180,Tahni,adult,2,180,8/19/2020,M,21,2,,,790,,,13,,,,,,,YES
KTAHI20,181,Tahni,adult,2,181,8/19/2020,M,21,3,,,850,,,R3,,,,,,,YES
KTAHI20,182,Tahni,adult,2,182,8/19/2020,F,21,4,,,710,,,13,,,,,,,YES
KTAHI20,183,Tahni,adult,2,183,8/19/2020,F,21,5,,,830,,,13,,,,,,,YES
KTAHI20,184,Tahni,adult,2,184,8/19/2020,M,21,6,,,635,,,RR,,,,,,,YES
KTAHI20,185,Tahni,adult,2,185,8/19/2020,M,21,7,,,835,,,13,,,,,,,YES
KTAHI20,186,Tahni,adult,2,186,8/19/2020,F,21,8,,,845,,,13,,,,,,,YES
KTAHI20,187,Tahni,adult,2,187,8/19/2020,F,21,9,,,870,,,14,,,,,,,YES
KTAHI20,188,Tahni,adult,2,188,8/19/2020,F,21,10,,,785,,,RR,,,,,,,YES
KTAHI20,189,Tahni,adult,2,189,8/19/2020,M,22,1,,,790,,,R3,,,,,,,YES
KTAHI20,190,Tahni,adult,2,190,8/19/2020,M,22,2,,,980,,,RR,,,,,,,YES
KTAHI20,191,Tahni,adult,2,191,8/19/2020,F,22,3,,,790,,,13,,,,,,,YES
KTAHI20,192,Tahni,adult,2,192,8/19/2020,M,22,4,,,720,,,13,,,,,,,YES
KTAHI20,193,Tahni,adult,2,193,8/19/2020,M,22,5,,,860,,,13,,,,,,,YES
KTAHI20,194,Tahni,adult,2,194,8/19/2020,F,22,6,,,830,,,R3,,,,,,,YES
KTAHI20,195,Tahni,adult,2,195,8/19/2020,F,22,7,,,830,,,13,,,,,,,YES
KTAHI20,196,Tahni,adult,2,196,8/19/2020,M,22,8,,,960,,,14,,,,,,,YES
KTAHI20,197,Tahni,adult,2,197,8/19/2020,F,22,9,,,805,,,13,,,,,,,YES
KTAHI20,198,Tahni,adult,2,198,8/19/2020,F,22,10,,,840,,,13,,,,,,,YES
KTAHI20,199,Tahni,adult,2,199,8/19/2020,F,23,1,,,835,,,13,,,,,,,YES
KTAHI20,200,Tahni,adult,2,200,8/21/2020,M,23,2,,,825,,,13,,,,,,,YES
KTAHI20,201,Tahni,adult,2,201,8/21/2020,F,23,3,,,775,,,13,,,,,,,YES
KTAHI20,202,Tahni,adult,2,202,8/21/2020,F,23,4,,,860,,,R3,,,,,,,YES
KTAHI20,203,Tahni,adult,2,203,8/21/2020,M,23,5,,,850,,,13,,,,,,,YES
KTAHI20,204,Tahni,adult,2,204,8/21/2020,M,23,6,,,860,,,RR,,,,,,,YES
KTAHI20,205,Tahni,adult,2,205,8/21/2020,M,23,7,,,800,,,13,,,,,,,YES
KTAHI20,206,Tahni,adult,2,206,8/21/2020,M,23,8,,,645,,,12,,,,,,,YES
KTAHI20,207,Tahni,adult,2,207,8/21/2020,M,23,9,,,780,,,14,,,,,,,YES
KTAHI20,208,Tahni,adult,2,208,8/21/2020,M,23,10,,,930,,,R3,,,,,,,YES
KTAHI20,209,Tahni,adult,2,209,8/21/2020,M,24,1,,,730,,,RR,,,,,,,YES
KTAHI20,210,Tahni,adult,2,210,8/21/2020,F,24,2,,,810,,,13,,,,,,,YES
KTAHI20,211,Tahni,adult,2,211,8/21/2020,F,24,3,,,780,,,13,,,,,,,YES
KTAHI20,212,Tahni,adult,2,212,8/21/2020,M,24,4,,,760,,,13,,,,,,,YES
KTAHI20,213,Tahni,adult,2,213,8/21/2020,M,24,5,,,780,,,R3,,,,,,,YES
KTAHI20,214,Tahni,adult,2,214,8/21/2020,M,24,6,,,850,,,13,,,,,,,YES
KTAHI20,215,Tahni,adult,2,215,8/21/2020,F,24,7,,,850,,,13,,,,,,,YES
KTAHI20,216,Tahni,adult,2,216,8/21/2020,M,24,8,,,850,,,14,,,,,,,YES
KTAHI20,217,Tahni,adult,2,217,8/25/2020,M,25,1,,,920,,,13,,,,,,,YES
KTAHI20,218,Tahni,adult,2,218,8/25/2020,M,25,2,,,720,,,R3,,,,,,,YES
KTAHI20,219,Tahni,adult,2,219,8/25/2020,M,25,3,,,690,,,R3,,,,,,,YES
KTAHI20,220,Tahni,adult,2,220,8/25/2020,M,25,4,,,930,,,13,,,,,,,YES
KTAHI20,221,Tahni,adult,2,221,8/25/2020,M,25,5,,,790,,,13,,,,,,,YES
KTAHI20,222,Tahni,adult,2,222,8/25/2020,M,25,6,,,790,,,13,,,,,,,YES
KTAHI20,223,Tahni,adult,2,223,8/25/2020,M,25,7,,,780,,,R3,,,,,,,YES
KTAHI20,224,Tahni,adult,2,224,8/27/2020,M,26,1,,,525,,,12,,,,,,,YES
KTAHI20,225,Tahni,adult,2,225,8/27/2020,M,26,2,,,530,,,RR,,,,,,,YES
KTAHI20,226,Tahni,adult,2,226,8/27/2020,F,26,3,,,825,,,R3,,,,,,,YES
KKELS20,1,Kelsall,adult,2,1,7/29/2020,F,1,1,,,705,,,13,,,,,,,YES
KKELS20,2,Kelsall,adult,2,2,7/29/2020,M,1,2,,,720,,,13,,,,,,,YES
KKELS20,3,Kelsall,adult,2,3,8/6/2020,M,1,3,,,890,,,13,,,544882,,,,YES
KKELS20,4,Kelsall,adult,2,4,8/10/2020,F,1,4,,,740,,,13,,,,,,,YES
KKELS20,5,Kelsall,adult,2,5,8/10/2020,M,1,5,,,840,,,13,,,,,,,YES
KKELS20,6,Kelsall,adult,2,6,8/10/2020,F,1,6,,,850,,,14,,,,,,,YES
KKELS20,7,Kelsall,adult,2,7,8/10/2020,F,1,7,,,770,,,13,S,2548,,,,tagged FW 7.4.2020 F 770,YES
KKELS20,8,Kelsall,adult,2,8,8/10/2020,M,1,8,,,835,,,13,,,,,,,YES
KKELS20,9,Kelsall,adult,2,9,8/10/2020,M,1,9,,,715,,,13,,,,,,,YES
KKELS20,10,Kelsall,adult,2,10,8/12/2020,F,2,1,,,760,,,14,,,,,,,YES
KKELS20,11,Kelsall,adult,2,11,8/12/2020,F,2,2,,,820,,,R4,,,,,,,YES
KKELS20,12,Kelsall,adult,2,12,8/12/2020,M,2,3,,,760,,,13,S,2540,,,,tagged FW 6.29.2020 M 760,YES
KKELS20,13,Kelsall,adult,2,13,8/12/2020,M,2,4,,,860,,,13,,,,,,,YES
KKELS20,14,Kelsall,adult,2,14,8/12/2020,F,2,5,,,800,,,R4,S,1950,,,,tagged GN 6.26.2020 F 800,YES
KKELS20,15,Kelsall,adult,2,15,8/14/2020,F,2,6,,,800,,,R4,,,,,,,YES
KKELS20,16,Kelsall,adult,2,16,8/14/2020,F,2,7,,,780,,,13,,,,,,,YES
KKELS20,17,Kelsall,adult,2,17,8/14/2020,F,2,8,,,830,,,13,,,,,,,YES
KKELS20,18,Kelsall,adult,2,18,8/14/2020,F,2,9,,,730,,,13,,,544883,,,,YES
KKELS20,19,Kelsall,adult,2,19,8/14/2020,F,2,10,,,750,,,13,,,,,,,YES
KKELS20,20,Kelsall,adult,2,20,8/14/2020,M,3,1,,,860,,,13,,,,,,,YES
KKELS20,21,Kelsall,adult,2,21,8/14/2020,F,3,2,,,710,,,R3,,,,,,,YES
KKELS20,22,Kelsall,adult,2,22,8/14/2020,M,3,3,,,780,,,13,,,,,,,YES
KKELS20,23,Kelsall,adult,2,23,8/14/2020,F,3,4,,,820,,,RR,,,,,,,YES
KKELS20,24,Kelsall,adult,2,24,8/14/2020,F,3,5,,,775,,,13,,,,,,,YES
KKELS20,25,Kelsall,adult,2,25,8/18/2020,F,3,6,,,755,,,13,,,,,,,YES
KKELS20,26,Kelsall,adult,2,26,8/18/2020,M,3,7,,,660,,,13,,,,,,,YES
KKELS20,27,Kelsall,adult,2,27,8/18/2020,M,3,8,,,600,,,R2,,,,,,,YES
KKELS20,28,Kelsall,adult,2,28,8/18/2020,M,3,9,,,625,,,12,,,,,,,YES
KKELS20,29,Kelsall,adult,2,29,8/18/2020,M,3,10,,,795,,,RR,,,,,,,YES
KKELS20,30,Kelsall,adult,2,30,8/18/2020,M,4,1,,,590,,,R2,,,,,,,YES
KKELS20,31,Kelsall,adult,2,31,8/18/2020,F,4,2,,,780,,,R3,,,,,,,YES
KKELS20,32,Kelsall,adult,2,32,8/18/2020,F,4,3,,,680,,,13,,,,,,,YES
KKELS20,33,Kelsall,adult,2,33,8/18/2020,M,4,4,,,660,,,R2,,,,,,,YES
KKELS20,34,Kelsall,adult,2,34,8/18/2020,F,4,5,,,850,,,14,,,,,,,YES
KKELS20,35,Kelsall,adult,2,35,8/18/2020,M,4,6,,,670,,,13,,,,,,,YES
KKELS20,36,Kelsall,adult,2,36,8/18/2020,F,4,7,,,730,,,13,,,,,,,YES
KKELS20,37,Kelsall,adult,2,37,8/18/2020,M,4,8,,,740,,,13,,,,,,,YES
KKELS20,38,Kelsall,adult,2,38,8/18/2020,F,4,9,,,840,,,13,,,,,,,YES
KKELS20,39,Kelsall,adult,2,39,8/20/2020,M,5,1,,,620,,,12,,,,,,,YES
KKELS20,40,Kelsall,adult,2,40,8/20/2020,M,5,2,,,695,,,RR,,,,,,,YES
KKELS20,41,Kelsall,adult,2,41,8/20/2020,M,5,3,,,820,,,13,,,,,,,YES
KKELS20,42,Kelsall,adult,2,42,8/20/2020,M,5,4,,,830,,,13,,,,,,,YES
KKELS20,43,Kelsall,adult,2,43,8/20/2020,F,5,5,,,780,,,13,,,,,,,YES
KKELS20,44,Kelsall,adult,2,44,8/20/2020,M,5,6,,,480,,,12,,,,,,,YES
KKELS20,45,Kelsall,adult,2,45,8/20/2020,F,5,7,,,880,,,R3,,,,,,,YES
KKELS20,46,Kelsall,adult,2,46,8/20/2020,M,5,8,,,785,,,13,,,,,,,YES
KKELS20,47,Kelsall,adult,2,47,8/20/2020,M,5,9,,,865,,,13,,,,,,,YES
KKELS20,48,Kelsall,adult,2,48,8/20/2020,M,5,10,,,>660,,,NO SCALES,,,,,,,YES
KKELS20,49,Kelsall,adult,2,49,8/20/2020,M,6,1,,,730,,,13,,,,,,,YES
KKELS20,50,Kelsall,adult,2,50,8/20/2020,M,6,2,,,730,,,13,,,,,,,YES
KKELS20,51,Kelsall,adult,2,51,8/20/2020,M,6,3,,,900,,,13,,,,,,,YES
KKELS20,52,Kelsall,adult,2,52,8/20/2020,F,6,4,,,825,,,13,,,,,,,YES
KKELS20,53,Kelsall,adult,2,53,8/20/2020,M,6,5,,,690,,,13,,,,,,,YES
KKELS20,54,Kelsall,adult,2,54,8/20/2020,M,6,6,,,900,,,14,,,,,,,YES
KKELS20,55,Kelsall,adult,2,55,8/20/2020,M,6,7,,,765,,,13,S,1970,,,,tagged GN 7.4.2020 M 770,YES
KKELS20,NA,Kelsall,adult,2,56,8/24/2020,F,n/a,n/a,,,>660,,,NO SCALES,,,,,,,NO
KKELS20,56,Kelsall,adult,2,57,8/24/2020,M,7,1,,,860,,,14,,,,,,,YES
KKELS20,57,Kelsall,adult,2,58,8/24/2020,M,7,2,,,755,,,13,,,,,,,YES
KKELS20,58,Kelsall,adult,2,59,8/24/2020,M,7,3,,,760,,,13,,,,,,,YES
KKELS20,59,Kelsall,adult,2,60,8/24/2020,M,7,4,,,620,,,R2,,,,,,,YES
KKELS20,60,Kelsall,adult,2,61,8/24/2020,M,7,5,,,835,,,RR,,,,,,,YES
KKELS20,61,Kelsall,adult,2,62,8/24/2020,F,7,6,,,760,,,14,,,,,,,YES
KKELS20,62,Kelsall,adult,2,63,8/24/2020,M,7,7,,,905,,,14,,,,,,,YES
KKELS20,63,Kelsall,adult,2,64,8/25/2020,F,8,1,,,790,,,13,,,,,,,YES
KKELS20,64,Kelsall,adult,2,65,8/25/2020,M,8,2,,,620,,,12,,,,,,,YES
KKELS20,65,Kelsall,adult,2,66,8/25/2020,F,8,3,,,810,,,13,,,544884,,,,YES
KKELS20,66,Kelsall,adult,2,67,8/25/2020,F,8,4,,,840,,,14,,,,,,,YES
KKELS20,67,Kelsall,adult,2,68,8/26/2020,M,9,1,,,975,,,RR,S,1982,,,,tagged GN 7.5.2020 M 975,YES
KKELS20,68,Kelsall,adult,2,69,8/26/2020,M,9,2,,,775,,,13,,,,,,,YES
KKELS20,69,Kelsall,adult,2,70,8/26/2020,M,9,3,,,840,,,13,,,,,,,YES
KKELS20,70,Kelsall,adult,2,71,8/26/2020,M,9,4,,,845,,,14,,,,,,,YES
KKELS20,71,Kelsall,adult,2,72,8/26/2020,M,9,5,,,790,,,13,,,,,,,YES
KKELS20,72,Kelsall,adult,2,73,8/26/2020,M,9,6,,,680,,,R3,,,,,,,YES
KKELS20,73,Kelsall,adult,2,74,8/26/2020,M,9,7,,,640,,,12,,,,,,,YES
KKELS20,74,Kelsall,adult,2,75,8/26/2020,M,9,8,,,815,,,R3,,,544885,,,,YES
KKELS20,75,Kelsall,adult,2,76,8/26/2020,M,9,9,,,630,,,12,,,,,,,YES
KKELS20,76,Kelsall,adult,2,77,8/26/2020,M,10,1,,,540,,,12,,,,,,,YES
KKELS20,77,Kelsall,adult,2,78,8/26/2020,M,10,2,,,790,,,14,,,,,,,YES
KKELS20,78,Kelsall,adult,2,79,8/26/2020,M,10,3,,,790,,,R3,,,,,,,YES
KKELS20,79,Kelsall,adult,2,80,8/26/2020,F,10,4,,,830,,,R3,,,,,,,YES
KKELS20,80,Kelsall,adult,2,81,8/26/2020,F,10,5,,,720,,,RR,,,,,,,YES
KKELS20,81,Kelsall,adult,2,82,8/28/2020,F,11,1,,,680,,,13,,,544886,,,,YES
KKELS20,82,Kelsall,adult,2,83,8/28/2020,F,11,2,,,740,,,R3,,,,,,,YES
KKELS20,83,Kelsall,adult,2,84,8/28/2020,M,11,3,,,790,,,13,,,,,,,YES
KKELS20,84,Kelsall,adult,2,85,8/28/2020,M,11,4,,,600,,,RR,,,,,,,YES
KKELS20,85,Kelsall,adult,2,86,8/28/2020,M,11,5,,,730,,,14,,,,,,,YES
KBIGB20,NA,Klehini,adult,2,1,7/31/2020,M,1,1,,,835,,,13,,,,,,,NO
KBIGB20,NA,Klehini,adult,2,2,7/31/2020,F,1,2,,,840,,,14,,,575668,,,,NO
KBIGB20,NA,Klehini,adult,2,3,7/31/2020,M,1,3,,,605,,,12,,,,,,,NO
KBIGB20,NA,Klehini,adult,2,4,7/31/2020,M,1,4,,,635,,,12,,,,,,,NO
KBIGB20,NA,Klehini,adult,2,5,7/31/2020,M,1,5,,,675,,,RR,,,,,,,NO
KBIGB20,NA,Klehini,adult,2,6,7/31/2020,M,1,6,,,745,,,RR,S,1917,,,,tagged GN 6.20.2020 M 775,NO
KBIGB20,NA,Klehini,adult,2,7,7/31/2020,M,1,7,,,490,,,12,,,,,,,NO
KBIGB20,NA,Klehini,adult,2,8,7/31/2020,M,1,8,,,370,,,11,,,,,,,NO
KBIGB20,NA,Klehini,adult,2,9,7/31/2020,F,1,9,,,780,,,13,,,,,,,NO
KBIGB20,NA,Klehini,adult,2,10,7/31/2020,M,1,10,,,845,,,13,,,,,,,NO
KBIGB20,1,Klehini,adult,2,11,8/6/2020,F,2,1,,,690,,,R3,,,,,,Whatman card 2a -- 1,YES
KBIGB20,2,Klehini,adult,2,12,8/6/2020,M,2,2,,,525,,,12,,,,,,Whatman card 2a -- 2,YES
KBIGB20,3,Klehini,adult,2,13,8/6/2020,F,2,3,,,695,,,R3,,,,,,Whatman card 2a -- 3,YES
KBIGB20,7,Klehini,adult,2,14,8/11/2020,M,2,4,,,675,,,12,,,,,,Whatman card 2b -- 4,YES
KBIGB20,8,Klehini,adult,2,15,8/11/2020,F,2,5,,,775,,,13,,,,,,Whatman card 2b -- 5,YES
KBIGB20,9,Klehini,adult,2,16,8/11/2020,M,2,6,,,710,,,13,,,,,,Whatman card 2b -- 6,YES
KBIGB20,10,Klehini,adult,2,17,8/11/2020,M,2,7,,,660,,,13,,,,,,Whatman card 2b -- 7,YES
KBIGB20,11,Klehini,adult,2,18,8/11/2020,M,2,8,,,770,,,13,,,,,,Whatman card 2b -- 8,YES
KBIGB20,12,Klehini,adult,2,19,8/11/2020,M,2,9,,,640,,,12,,,,,,Whatman card 2b -- 9,YES
KBIGB20,13,Klehini,adult,2,20,8/11/2020,M,2,10,,,710,,,13,,,,,,Whatman card 2b -- 10,YES
KBIGB20,14,Klehini,adult,2,21,8/11/2020,M,3,1,,,895,,,13,,,,,,Whatman card 3,YES
KBIGB20,15,Klehini,adult,2,22,8/11/2020,F,3,2,,,740,,,R3,,,,,,,YES
KBIGB20,16,Klehini,adult,2,23,8/11/2020,M,3,3,,,665,,,R3,,,,,,,YES
KBIGB20,17,Klehini,adult,2,24,8/11/2020,F,3,4,,,820,,,RR,,,,,,,YES
KBIGB20,18,Klehini,adult,2,25,8/11/2020,F,3,5,,,820,,,13,,,,,,,YES
KBIGB20,19,Klehini,adult,2,26,8/11/2020,M,3,6,,,690,,,13,,,,,,,YES
KBIGB20,20,Klehini,adult,2,27,8/11/2020,M,3,7,,,680,,,RR,,,,,,,YES
KBIGB20,21,Klehini,adult,2,28,8/11/2020,M,3,8,,,730,,,RR,,,,,,,YES
KBIGB20,22,Klehini,adult,2,29,8/11/2020,M,3,9,,,675,,,12,,,,,,,YES
KBIGB20,23,Klehini,adult,2,31,8/11/2020,F,3,10,,,720,,,13,,,,,,fish # 30 head only,YES
KBIGB20,24,Klehini,adult,2,32,8/11/2020,,4,1,,,680,,,MISSING CARD,,,,,,Whatman card 4,YES
KCHILGMR21p,1,Tahni,parr,,1,9/7/2021,,,,65,2.9,,,,,,,,,,,
KCHILGMR21p,2,Tahni,parr,,2,9/7/2021,,,,62,3,,,,,,,,,,,
KCHILGMR21p,3,Tahni,parr,,3,9/7/2021,,,,63,3.5,,,,,,,,,,,
KCHILGMR21p,4,Tahni,parr,,4,9/7/2021,,,,66,4,,,,,,,,,,,
KCHILGMR21p,5,Tahni,parr,,5,9/7/2021,,,,60,3.1,,,,,,,,,,,
KCHILGMR21p,6,Tahni,parr,,6,9/7/2021,,,,55,2.5,,,,,,,,,,,
KCHILGMR21p,7,Tahni,parr,,7,9/7/2021,,,,68,4.2,,,,,,,,,,,
KCHILGMR21p,8,Tahni,parr,,8,9/7/2021,,,,72,4.8,,,,,,,,,,,
KCHILGMR21p,9,Tahni,parr,,9,9/7/2021,,,,62,3.1,,,,,,,,,,,
KCHILGMR21p,10,Tahni,parr,,10,9/7/2021,,,,65,2.9,,,,,,,,,,,
KCHILGMR21p,11,Tahni,parr,,11,9/7/2021,,,,70,4.6,,,,,,,,,,,
KCHILGMR21p,12,Tahni,parr,,12,9/7/2021,,,,62,3.9,,,,,,,,,,,
KCHILGMR21p,13,Tahni,parr,,13,9/7/2021,,,,60,4,,,,,,,,,,,
KCHILGMR21p,14,Tahni,parr,,14,9/7/2021,,,,54,2.2,,,,,,,,,,,
KCHILGMR21p,15,Tahni,parr,,15,9/7/2021,,,,77,5.6,,,,,,,,,,,
KCHILGMR21p,16,Tahni,parr,,16,9/7/2021,,,,65,3.6,,,,,,,,,,,
KCHILGMR21p,17,Tahni,parr,,17,9/7/2021,,,,61,3,,,,,,,,,,,
KCHILGMR21p,18,Tahni,parr,,18,9/7/2021,,,,62,3.9,,,,,,,,,,,
KCHILGMR21p,19,Tahni,parr,,19,9/7/2021,,,,63,3,,,,,,,,,,,
KCHILGMR21p,20,Tahni,parr,,20,9/7/2021,,,,58,2.4,,,,,,,,,,,
KCHILGMR21p,21,Tahni,parr,,21,9/7/2021,,,,70,4.8,,,,,,,,,,,
KCHILGMR21p,22,Tahni,parr,,22,9/7/2021,,,,64,8.4,,,,,,,,,,,
KCHILGMR21p,23,Tahni,parr,,23,9/7/2021,,,,69,4.7,,,,,,,,,,,
KCHILGMR21p,24,Tahni,parr,,24,9/7/2021,,,,71,4.8,,,,,,,,,,,
KCHILGMR21p,25,Tahni,parr,,25,9/7/2021,,,,70,4.4,,,,,,,,,,,
KCHILGMR21p,26,Tahni,parr,,26,9/7/2021,,,,71,4.2,,,,,,,,,,,
KCHILGMR21p,27,Tahni,parr,,27,9/7/2021,,,,62,3.2,,,,,,,,,,,
KCHILGMR21p,28,Tahni,parr,,28,9/7/2021,,,,69,4.5,,,,,,,,,,,
KCHILGMR21p,29,Tahni,parr,,29,9/7/2021,,,,62,2.8,,,,,,,,,,,
KCHILGMR21p,30,Tahni,parr,,30,9/7/2021,,,,61,2.8,,,,,,,,,,,
KCHILGMR21p,31,Tahni,parr,,31,9/7/2021,,,,66,3.4,,,,,,,,,,,
KCHILGMR21p,32,Tahni,parr,,32,9/7/2021,,,,62,3.1,,,,,,,,,,,
KCHILGMR21p,33,Tahni,parr,,33,9/7/2021,,,,58,3.2,,,,,,,,,,,
KCHILGMR21p,34,Tahni,parr,,34,9/7/2021,,,,69,4.7,,,,,,,,,,,
KCHILGMR21p,35,Tahni,parr,,35,9/7/2021,,,,63,3.7,,,,,,,,,,,
KCHILGMR21p,36,Tahni,parr,,36,9/7/2021,,,,75,6.1,,,,,,,,,,,
KCHILGMR21p,37,Tahni,parr,,37,9/7/2021,,,,68,3.2,,,,,,,,,,,
KCHILGMR21p,38,Tahni,parr,,38,9/7/2021,,,,71,4.9,,,,,,,,,,,
KCHILGMR21p,39,Tahni,parr,,39,9/7/2021,,,,82,6.4,,,,,,,,,,,
KCHILGMR21p,40,Tahni,parr,,40,9/7/2021,,,,68,4.5,,,,,,,,,,,
KCHILGMR21p,41,Tahni,parr,,41,9/7/2021,,,,65,4,,,,,,,,,,,
KCHILGMR21p,42,Tahni,parr,,42,9/7/2021,,,,50,1.8,,,,,,,,,,,
KCHILGMR21p,43,Tahni,parr,,43,9/7/2021,,,,63,3.4,,,,,,,,,,,
KCHILGMR21p,44,Tahni,parr,,44,9/7/2021,,,,68,3.8,,,,,,,,,,,
KCHILGMR21p,45,Tahni,parr,,45,9/7/2021,,,,70,4.6,,,,,,,,,,,
KCHILGMR21p,46,Tahni,parr,,46,9/7/2021,,,,63,3.7,,,,,,,,,,,
KCHILGMR21p,47,Tahni,parr,,47,9/7/2021,,,,60,3.7,,,,,,,,,,,
KCHILGMR21p,48,Tahni,parr,,48,9/7/2021,,,,68,4.7,,,,,,,,,,,
KCHILGMR21p,49,Tahni,parr,,49,9/7/2021,,,,63,3.3,,,,,,,,,,,
KCHILGMR21p,50,Tahni,parr,,50,9/7/2021,,,,63,2.8,,,,,,,,,,,
KCHILGMR21p,51,Tahni,parr,,51,9/8/2021,,,,60,2.7,,,,,,,,,,,
KCHILGMR21p,52,Tahni,parr,,52,9/8/2021,,,,60,3.9,,,,,,,,,,,
KCHILGMR21p,53,Tahni,parr,,53,9/8/2021,,,,75,5.2,,,,,,,,,,,
KCHILGMR21p,54,Tahni,parr,,54,9/8/2021,,,,80,6,,,,,,,,,,,
KCHILGMR21p,55,Tahni,parr,,55,9/8/2021,,,,75,5.7,,,,,,,,,,,
KCHILGMR21p,56,Tahni,parr,,56,9/8/2021,,,,69,3.7,,,,,,,,,,,
KCHILGMR21p,57,Tahni,parr,,57,9/8/2021,,,,62,4,,,,,,,,,,,
KCHILGMR21p,58,Tahni,parr,,58,9/8/2021,,,,61,2.9,,,,,,,,,,,
KCHILGMR21p,59,Tahni,parr,,59,9/8/2021,,,,62,3.3,,,,,,,,,,,
KCHILGMR21p,60,Tahni,parr,,60,9/8/2021,,,,66,3.5,,,,,,,,,,,
KCHILGMR21p,61,Tahni,parr,,61,9/8/2021,,,,61,3.1,,,,,,,,,,,
KCHILGMR21p,62,Tahni,parr,,62,9/8/2021,,,,59,3.1,,,,,,,,,,,
KCHILGMR21p,63,Tahni,parr,,63,9/8/2021,,,,74,5.8,,,,,,,,,,,
KCHILGMR21p,64,Tahni,parr,,64,9/8/2021,,,,70,5.1,,,,,,,,,,,
KCHILGMR21p,65,Tahni,parr,,65,9/8/2021,,,,61,2.2,,,,,,,,,,,
KCHILGMR21p,66,Tahni,parr,,66,9/8/2021,,,,65,2.6,,,,,,,,,,,
KCHILGMR21p,67,Tahni,parr,,67,9/8/2021,,,,71,2.6,,,,,,,,,,,
KCHILGMR21p,68,Tahni,parr,,68,9/8/2021,,,,60,2.8,,,,,,,,,,,
KCHILGMR21p,69,Tahni,parr,,69,9/8/2021,,,,53,2.2,,,,,,,,,,,
KCHILGMR21p,70,Tahni,parr,,70,9/8/2021,,,,82,6.4,,,,,,,,,,,
KCHILGMR21p,71,Tahni,parr,,71,9/8/2021,,,,71,4.7,,,,,,,,,,,
KCHILGMR21p,72,Tahni,parr,,72,9/8/2021,,,,72,5.9,,,,,,,,,,,
KCHILGMR21p,73,Tahni,parr,,73,9/8/2021,,,,58,2.6,,,,,,,,,,,
KCHILGMR21p,74,Tahni,parr,,74,9/8/2021,,,,63,3.6,,,,,,,,,,,
KCHILGMR21p,75,Tahni,parr,,75,9/8/2021,,,,67,3.9,,,,,,,,,,,
KCHILGMR21p,76,Tahni,parr,,76,9/8/2021,,,,62,3.3,,,,,,,,,,,
KCHILGMR21p,77,Tahni,parr,,77,9/8/2021,,,,62,2.5,,,,,,,,,,,
KCHILGMR21p,78,Tahni,parr,,78,9/8/2021,,,,54,2.6,,,,,,,,,,,
KCHILGMR21p,79,Tahni,parr,,79,9/8/2021,,,,60,2.2,,,,,,,,,,,
KCHILGMR21p,80,Tahni,parr,,80,9/8/2021,,,,70,3.8,,,,,,,,,,,
KCHILGMR21p,81,Tahni,parr,,81,9/8/2021,,,,60,2.8,,,,,,,,,,,
KCHILGMR21p,82,Tahni,parr,,82,9/8/2021,,,,64,3.8,,,,,,,,,,,
KCHILGMR21p,83,Tahni,parr,,83,9/8/2021,,,,84,6.9,,,,,,,,,,,
KCHILGMR21p,84,Tahni,parr,,84,9/8/2021,,,,65,3.2,,,,,,,,,,,
KCHILGMR21p,85,Tahni,parr,,85,9/8/2021,,,,68,4.4,,,,,,,,,,,
KCHILGMR21p,86,Tahni,parr,,86,9/8/2021,,,,60,4.2,,,,,,,,,,,
KCHILGMR21p,87,Tahni,parr,,87,9/8/2021,,,,70,5,,,,,,,,,,,
KCHILGMR21p,88,Tahni,parr,,88,9/8/2021,,,,62,2.8,,,,,,,,,,,
KCHILGMR21p,89,Tahni,parr,,89,9/8/2021,,,,66,3.8,,,,,,,,,,,
KCHILGMR21p,90,Tahni,parr,,90,9/8/2021,,,,65,3.7,,,,,,,,,,,
KCHILGMR21p,91,Tahni,parr,,91,9/8/2021,,,,65,3.5,,,,,,,,,,,
KCHILGMR21p,92,Tahni,parr,,92,9/8/2021,,,,55,2.6,,,,,,,,,,,
KCHILGMR21p,93,Tahni,parr,,93,9/8/2021,,,,60,2.9,,,,,,,,,,,
KCHILGMR21p,94,Tahni,parr,,94,9/8/2021,,,,66,4.3,,,,,,,,,,,
KCHILGMR21p,95,Tahni,parr,,95,9/8/2021,,,,66,3.1,,,,,,,,,,,
KCHILGMR21p,96,Tahni,parr,,96,9/8/2021,,,,60,3.4,,,,,,,,,,,
KCHILGMR21p,97,Tahni,parr,,97,9/8/2021,,,,60,3.1,,,,,,,,,,,
KCHILGMR21p,98,Tahni,parr,,98,9/8/2021,,,,65,4.8,,,,,,,,,,,
KCHILGMR21p,99,Tahni,parr,,99,9/8/2021,,,,62,2.9,,,,,,,,,,,
KCHILGMR21p,100,Tahni,parr,,100,9/8/2021,,,,55,2.4,,,,,,,,,,,
KCHILGMR21p,101,Tahni,parr,,101,9/9/2021,,,,75,4.9,,,,,,,,,,,
KCHILGMR21p,102,Tahni,parr,,102,9/9/2021,,,,65,3.4,,,,,,,,,,,
KCHILGMR21p,103,Tahni,parr,,103,9/9/2021,,,,65,4.3,,,,,,,,,,,
KCHILGMR21p,104,Tahni,parr,,104,9/9/2021,,,,63,2.7,,,,,,,,,,,
KCHILGMR21p,105,Tahni,parr,,105,9/9/2021,,,,60,2.8,,,,,,,,,,,
KCHILGMR21p,106,Tahni,parr,,106,9/9/2021,,,,58,3.4,,,,,,,,,,,
KCHILGMR21p,107,Tahni,parr,,107,9/9/2021,,,,64,4.9,,,,,,,,,,,
KCHILGMR21p,108,Tahni,parr,,108,9/9/2021,,,,55,2.4,,,,,,,,,,,
KCHILGMR21p,109,Tahni,parr,,109,9/9/2021,,,,60,3.4,,,,,,,,,,,
KCHILGMR21p,110,Tahni,parr,,110,9/9/2021,,,,70,2.9,,,,,,,,,,,
KCHILGMR21p,111,Tahni,parr,,111,9/9/2021,,,,62,3.6,,,,,,,,,,,
KCHILGMR21p,112,Tahni,parr,,112,9/9/2021,,,,60,3.7,,,,,,,,,,,
KCHILGMR21p,113,Tahni,parr,,113,9/9/2021,,,,58,2.7,,,,,,,,,,,
KCHILGMR21p,114,Tahni,parr,,114,9/9/2021,,,,62,3.1,,,,,,,,,,,
KCHILGMR21p,115,Tahni,parr,,115,9/9/2021,,,,60,2.5,,,,,,,,,,,
KCHILGMR21p,116,Tahni,parr,,116,9/9/2021,,,,65,3.1,,,,,,,,,,,
KCHILGMR21p,117,Tahni,parr,,117,9/9/2021,,,,64,3.1,,,,,,,,,,,
KCHILGMR21p,118,Tahni,parr,,118,9/9/2021,,,,69,3.4,,,,,,,,,,,
KCHILGMR21p,119,Tahni,parr,,119,9/9/2021,,,,75,5.6,,,,,,,,,,,
KCHILGMR21p,120,Tahni,parr,,120,9/9/2021,,,,60,2.6,,,,,,,,,,,
KCHILGMR21p,121,Tahni,parr,,121,9/9/2021,,,,60,2.8,,,,,,,,,,,
KCHILGMR21p,122,Tahni,parr,,122,9/9/2021,,,,65,5.1,,,,,,,,,,,
KCHILGMR21p,123,Tahni,parr,,123,9/9/2021,,,,54,2.8,,,,,,,,,,,
KCHILGMR21p,124,Tahni,parr,,124,9/9/2021,,,,65,4.2,,,,,,,,,,,
KCHILGMR21p,125,Tahni,parr,,125,9/9/2021,,,,55,2.6,,,,,,,,,,,
KCHILGMR21p,126,Tahni,parr,,126,9/9/2021,,,,62,3.8,,,,,,,,,,,
KCHILGMR21p,127,Tahni,parr,,127,9/9/2021,,,,51,2,,,,,,,,,,,
KCHILGMR21p,128,Tahni,parr,,128,9/9/2021,,,,55,3.5,,,,,,,,,,,
KCHILGMR21p,129,Tahni,parr,,129,9/9/2021,,,,60,3.6,,,,,,,,,,,
KCHILGMR21p,130,Tahni,parr,,130,9/9/2021,,,,60,3.7,,,,,,,,,,,
KCHILGMR21p,131,Tahni,parr,,131,9/9/2021,,,,55,3.2,,,,,,,,,,,
KCHILGMR21p,132,Tahni,parr,,132,9/9/2021,,,,79,6.7,,,,,,,,,,,
KCHILGMR21p,133,Tahni,parr,,133,9/9/2021,,,,65,4,,,,,,,,,,,
KCHILGMR21p,134,Tahni,parr,,134,9/9/2021,,,,60,2.6,,,,,,,,,,,
KCHILGMR21p,135,Tahni,parr,,135,9/9/2021,,,,70,5,,,,,,,,,,,
KCHILGMR21p,136,Tahni,parr,,136,9/9/2021,,,,60,2.8,,,,,,,,,,,
KCHILGMR21p,137,Tahni,parr,,137,9/9/2021,,,,68,4.5,,,,,,,,,,,
KCHILGMR21p,138,Tahni,parr,,138,9/9/2021,,,,82,7.8,,,,,,,,,,,
KCHILGMR21p,139,Tahni,parr,,139,9/9/2021,,,,65,5.3,,,,,,,,,,,
KCHILGMR21p,140,Tahni,parr,,140,9/9/2021,,,,72,4.9,,,,,,,,,,,
KCHILGMR21p,141,Tahni,parr,,141,9/9/2021,,,,70,4.6,,,,,,,,,,,
KCHILGMR21p,142,Tahni,parr,,142,9/9/2021,,,,70,4.4,,,,,,,,,,,
KCHILGMR21p,143,Tahni,parr,,143,9/9/2021,,,,82,7.4,,,,,,,,,,,
KCHILGMR21p,144,Tahni,parr,,144,9/9/2021,,,,75,6.8,,,,,,,,,,,
KCHILGMR21p,145,Tahni,parr,,145,9/9/2021,,,,65,3.8,,,,,,,,,,,
KCHILGMR21p,146,Tahni,parr,,146,9/9/2021,,,,52,2.1,,,,,,,,,,,
KCHILGMR21p,147,Tahni,parr,,147,9/9/2021,,,,58,3.9,,,,,,,,,,,
KCHILGMR21p,148,Tahni,parr,,148,9/9/2021,,,,69,4,,,,,,,,,,,
KCHILGMR21p,149,Tahni,parr,,149,9/9/2021,,,,70,4,,,,,,,,,,,
KCHILGMR21p,150,Tahni,parr,,150,9/9/2021,,,,62,3.3,,,,,,,,,,,
KCHILGMR21p,151,Tahni,parr,,151,9/10/2021,,,,85,7.5,,,,,,,,,,,
KCHILGMR21p,152,Tahni,parr,,152,9/10/2021,,,,65,3.8,,,,,,,,,,,
KCHILGMR21p,153,Tahni,parr,,153,9/10/2021,,,,62,3.8,,,,,,,,,,,
KCHILGMR21p,154,Tahni,parr,,154,9/10/2021,,,,60,3.2,,,,,,,,,,,
KCHILGMR21p,155,Tahni,parr,,155,9/10/2021,,,,62,3.7,,,,,,,,,,,
KCHILGMR21p,156,Tahni,parr,,156,9/10/2021,,,,60,3.5,,,,,,,,,,,
KCHILGMR21p,157,Tahni,parr,,157,9/10/2021,,,,70,5.7,,,,,,,,,,,
KCHILGMR21p,158,Tahni,parr,,158,9/10/2021,,,,60,3.4,,,,,,,,,,,
KCHILGMR21p,159,Tahni,parr,,159,9/10/2021,,,,55,2.8,,,,,,,,,,,
KCHILGMR21p,160,Tahni,parr,,160,9/10/2021,,,,72,5.2,,,,,,,,,,,
KCHILGMR21p,161,Tahni,parr,,161,9/10/2021,,,,65,4,,,,,,,,,,,
KCHILGMR21p,162,Tahni,parr,,162,9/10/2021,,,,60,3.5,,,,,,,,,,,
KCHILGMR21p,163,Tahni,parr,,163,9/10/2021,,,,55,2.4,,,,,,,,,,,
KCHILGMR21p,164,Tahni,parr,,164,9/10/2021,,,,58,3.1,,,,,,,,,,,
KCHILGMR21p,165,Tahni,parr,,165,9/10/2021,,,,62,3.9,,,,,,,,,,,
KCHILGMR21p,166,Tahni,parr,,166,9/10/2021,,,,74,5.8,,,,,,,,,,,
KCHILGMR21p,167,Tahni,parr,,167,9/10/2021,,,,62,3.5,,,,,,,,,,,
KCHILGMR21p,168,Tahni,parr,,168,9/10/2021,,,,53,2.4,,,,,,,,,,,
KCHILGMR21p,169,Tahni,parr,,169,9/10/2021,,,,58,3.4,,,,,,,,,,,
KCHILGMR21p,170,Tahni,parr,,170,9/10/2021,,,,60,2.5,,,,,,,,,,,
KCHILGMR21p,171,Tahni,parr,,171,9/10/2021,,,,60,3.5,,,,,,,,,,,
KCHILGMR21p,172,Tahni,parr,,172,9/10/2021,,,,55,2.2,,,,,,,,,,,
KCHILGMR21p,173,Tahni,parr,,173,9/10/2021,,,,60,3.8,,,,,,,,,,,
KCHILGMR21p,174,Tahni,parr,,174,9/10/2021,,,,62,4.1,,,,,,,,,,,
KCHILGMR21p,175,Tahni,parr,,175,9/10/2021,,,,63,4.1,,,,,,,,,,,
KCHILGMR21p,176,Tahni,parr,,176,9/10/2021,,,,73,3.7,,,,,,,,,,,
KCHILGMR21p,177,Tahni,parr,,177,9/10/2021,,,,70,4.4,,,,,,,,,,,
KCHILGMR21p,178,Tahni,parr,,178,9/10/2021,,,,61,2.8,,,,,,,,,,,
KCHILGMR21p,179,Tahni,parr,,179,9/10/2021,,,,65,3,,,,,,,,,,,
KCHILGMR21p,180,Tahni,parr,,180,9/10/2021,,,,65,3.8,,,,,,,,,,,
KCHILGMR21p,181,Tahni,parr,,181,9/10/2021,,,,72,5.5,,,,,,,,,,,
KCHILGMR21p,182,Tahni,parr,,182,9/10/2021,,,,60,3,,,,,,,,,,,
KCHILGMR21p,183,Tahni,parr,,183,9/10/2021,,,,59,2.3,,,,,,,,,,,
KCHILGMR21p,184,Tahni,parr,,184,9/10/2021,,,,58,3.3,,,,,,,,,,,
KCHILGMR21p,185,Tahni,parr,,185,9/10/2021,,,,74,4.4,,,,,,,,,,,
KCHILGMR21p,186,Tahni,parr,,186,9/10/2021,,,,58,3.3,,,,,,,,,,,
KCHILGMR21p,187,Tahni,parr,,187,9/10/2021,,,,66,2.1,,,,,,,,,,,
KCHILGMR21p,188,Tahni,parr,,188,9/10/2021,,,,60,2.4,,,,,,,,,,,
KCHILGMR21p,189,Tahni,parr,,189,9/10/2021,,,,75,5.2,,,,,,,,,,,
KCHILGMR21p,190,Tahni,parr,,190,9/10/2021,,,,55,2.5,,,,,,,,,,,
KCHILGMR21p,191,Tahni,parr,,191,9/10/2021,,,,59,3.2,,,,,,,,,,,
KCHILGMR21p,192,Tahni,parr,,192,9/10/2021,,,,54,2.8,,,,,,,,,,,
KCHILGMR21p,193,Tahni,parr,,193,9/10/2021,,,,53,2.5,,,,,,,,,,,
KCHILGMR21p,194,Tahni,parr,,194,9/10/2021,,,,65,4.2,,,,,,,,,,,
KCHILGMR21p,195,Tahni,parr,,195,9/10/2021,,,,65,3.5,,,,,,,,,,,
KCHILGMR21p,196,Tahni,parr,,196,9/10/2021,,,,62,3.3,,,,,,,,,,,
KCHILGMR21p,197,Tahni,parr,,197,9/10/2021,,,,68,5,,,,,,,,,,,
KCHILGMR21p,198,Tahni,parr,,198,9/10/2021,,,,60,2.6,,,,,,,,,,,
KCHILGMR21p,199,Tahni,parr,,199,9/10/2021,,,,56,2,,,,,,,,,,,
KCHILGMR21p,200,Tahni,parr,,200,9/10/2021,,,,65,3.4,,,,,,,,,,,
KCHILGMR21p,201,Tahni,parr,,201,9/11/2021,,,,58,2.6,,,,,,,,,,,
KCHILGMR21p,202,Tahni,parr,,202,9/11/2021,,,,76,4.7,,,,,,,,,,,
KCHILGMR21p,203,Tahni,parr,,203,9/11/2021,,,,61,2.9,,,,,,,,,,,
KCHILGMR21p,204,Tahni,parr,,204,9/11/2021,,,,70,3.7,,,,,,,,,,,
KCHILGMR21p,205,Tahni,parr,,205,9/11/2021,,,,65,3.8,,,,,,,,,,,
KCHILGMR21p,206,Tahni,parr,,206,9/11/2021,,,,60,2.9,,,,,,,,,,,
KCHILGMR21p,207,Tahni,parr,,207,9/11/2021,,,,60,2.8,,,,,,,,,,,
KCHILGMR21p,208,Tahni,parr,,208,9/11/2021,,,,55,2.8,,,,,,,,,,,
KCHILGMR21p,209,Tahni,parr,,209,9/11/2021,,,,75,5.5,,,,,,,,,,,
KCHILGMR21p,210,Tahni,parr,,210,9/11/2021,,,,70,4.5,,,,,,,,,,,
KCHILGMR21p,211,Tahni,parr,,211,9/11/2021,,,,75,4.2,,,,,,,,,,,
KCHILGMR21p,212,Tahni,parr,,212,9/11/2021,,,,64,3.2,,,,,,,,,,,
KCHILGMR21p,213,Tahni,parr,,213,9/11/2021,,,,68,3.3,,,,,,,,,,,
KCHILGMR21p,214,Tahni,parr,,214,9/11/2021,,,,70,5,,,,,,,,,,,
KCHILGMR21p,215,Tahni,parr,,215,9/11/2021,,,,65,3.6,,,,,,,,,,,
KCHILGMR21p,216,Tahni,parr,,216,9/11/2021,,,,56,2.7,,,,,,,,,,,
KCHILGMR21p,217,Tahni,parr,,217,9/11/2021,,,,59,2.3,,,,,,,,,,,
KCHILGMR21p,218,Tahni,parr,,218,9/11/2021,,,,53,2,,,,,,,,,,,
KCHILGMR21p,219,Tahni,parr,,219,9/11/2021,,,,76,5.6,,,,,,,,,,,
KCHILGMR21p,220,Tahni,parr,,220,9/11/2021,,,,63,2.6,,,,,,,,,,,
KCHILGMR21p,221,Tahni,parr,,221,9/11/2021,,,,67,3.6,,,,,,,,,,,
KCHILGMR21p,222,Tahni,parr,,222,9/11/2021,,,,62,3.3,,,,,,,,,,,
KCHILGMR21p,223,Tahni,parr,,223,9/11/2021,,,,75,5.3,,,,,,,,,,,
KCHILGMR21p,224,Tahni,parr,,224,9/11/2021,,,,55,2.4,,,,,,,,,,,
KCHILGMR21p,225,Tahni,parr,,225,9/11/2021,,,,65,3.6,,,,,,,,,,,
KCHILGMR21p,226,Tahni,parr,,226,9/11/2021,,,,56,2.9,,,,,,,,,,,
KCHILGMR21p,227,Tahni,parr,,227,9/11/2021,,,,66,3.4,,,,,,,,,,,
KCHILGMR21p,228,Tahni,parr,,228,9/11/2021,,,,61,2.3,,,,,,,,,,,
KCHILGMR21p,229,Tahni,parr,,229,9/11/2021,,,,61,3.5,,,,,,,,,,,
KCHILGMR21p,230,Tahni,parr,,230,9/11/2021,,,,64,3.6,,,,,,,,,,,
KCHILGMR21p,231,Tahni,parr,,231,9/11/2021,,,,72,3.7,,,,,,,,,,,
KCHILGMR21p,232,Tahni,parr,,232,9/11/2021,,,,71,5.7,,,,,,,,,,,
KCHILGMR21p,233,Tahni,parr,,233,9/11/2021,,,,62,3.9,,,,,,,,,,,
KCHILGMR21p,234,Tahni,parr,,234,9/11/2021,,,,65,3.5,,,,,,,,,,,
KCHILGMR21p,235,Tahni,parr,,235,9/11/2021,,,,62,4.5,,,,,,,,,,,
KCHILGMR21p,236,Tahni,parr,,236,9/11/2021,,,,68,4.3,,,,,,,,,,,
KCHILGMR21p,237,Tahni,parr,,237,9/11/2021,,,,55,2.8,,,,,,,,,,,
KCHILGMR21p,238,Tahni,parr,,238,9/11/2021,,,,60,3.6,,,,,,,,,,,
KCHILGMR21p,239,Tahni,parr,,239,9/11/2021,,,,55,2.4,,,,,,,,,,,
KCHILGMR21p,240,Tahni,parr,,240,9/11/2021,,,,70,5.4,,,,,,,,,,,
KCHILGMR21p,241,Tahni,parr,,241,9/11/2021,,,,75,5.6,,,,,,,,,,,
KCHILGMR21p,242,Tahni,parr,,242,9/11/2021,,,,58,3.4,,,,,,,,,,,
KCHILGMR21p,243,Tahni,parr,,243,9/11/2021,,,,54,1.8,,,,,,,,,,,
KCHILGMR21p,244,Tahni,parr,,244,9/11/2021,,,,54,2.5,,,,,,,,,,,
KCHILGMR21p,245,Tahni,parr,,245,9/11/2021,,,,55,3,,,,,,,,,,,
KCHILGMR21p,246,Tahni,parr,,246,9/11/2021,,,,56,3,,,,,,,,,,,
KCHILGMR21p,247,Tahni,parr,,247,9/11/2021,,,,66,4.4,,,,,,,,,,,
KCHILGMR21p,248,Tahni,parr,,248,9/11/2021,,,,63,3.2,,,,,,,,,,,
KCHILGMR21p,249,Tahni,parr,,249,9/11/2021,,,,58,3.4,,,,,,,,,,,
KCHILGMR21p,250,Tahni,parr,,250,9/11/2021,,,,60,2.9,,,,,,,,,,,
KCHILGMR21p,251,Kelsall,parr,,251,10/5/2021,,,,55,2.2,,,,,,,,,,,
KCHILGMR21p,252,Kelsall,parr,,252,10/5/2021,,,,76,5.6,,,,,,,,,,,
KCHILGMR21p,253,Kelsall,parr,,253,10/5/2021,,,,90,9.3,,,,,,,,,,,
KCHILGMR21p,254,Kelsall,parr,,254,10/5/2021,,,,80,6.6,,,,,,,,,,,
KCHILGMR21p,255,Kelsall,parr,,255,10/5/2021,,,,67,4.6,,,,,,,,,,,
KCHILGMR21p,256,Kelsall,parr,,256,10/5/2021,,,,70,4.2,,,,,,,,,,,
KCHILGMR21p,257,Kelsall,parr,,257,10/5/2021,,,,68,4.6,,,,,,,,,,,
KCHILGMR21p,258,Kelsall,parr,,258,10/5/2021,,,,65,4,,,,,,,,,,,
KCHILGMR21p,259,Kelsall,parr,,259,10/5/2021,,,,62,3,,,,,,,,,,,
KCHILGMR21p,260,Kelsall,parr,,260,10/5/2021,,,,70,4.4,,,,,,,,,,,
KCHILGMR21p,261,Kelsall,parr,,261,10/5/2021,,,,60,3.5,,,,,,,,,,,
KCHILGMR21p,262,Kelsall,parr,,262,10/5/2021,,,,64,3.8,,,,,,,,,,,
KCHILGMR21p,263,Kelsall,parr,,263,10/5/2021,,,,75,5.7,,,,,,,,,,,
KCHILGMR21p,264,Kelsall,parr,,264,10/5/2021,,,,69,4.6,,,,,,,,,,,
KCHILGMR21p,265,Kelsall,parr,,265,10/5/2021,,,,65,4.1,,,,,,,,,,,
KCHILGMR21p,266,Kelsall,parr,,266,10/5/2021,,,,67,5.1,,,,,,,,,,,
KCHILGMR21p,267,Kelsall,parr,,267,10/5/2021,,,,63,4.8,,,,,,,,,,,
KCHILGMR21p,268,Kelsall,parr,,268,10/5/2021,,,,56,2.5,,,,,,,,,,,
KCHILGMR21p,269,Kelsall,parr,,269,10/5/2021,,,,55,3.4,,,,,,,,,,,
KCHILGMR21p,270,Kelsall,parr,,270,10/5/2021,,,,73,4.9,,,,,,,,,,,
KCHILGMR21p,271,Kelsall,parr,,271,10/5/2021,,,,61,5.5,,,,,,,,,,,
KCHILGMR21p,272,Kelsall,parr,,272,10/5/2021,,,,65,3.6,,,,,,,,,,,
KCHILGMR21p,273,Kelsall,parr,,273,10/5/2021,,,,72,4.5,,,,,,,,,,,
KCHILGMR21p,274,Kelsall,parr,,274,10/5/2021,,,,64,3.6,,,,,,,,,,,
KCHILGMR21p,275,Kelsall,parr,,275,10/5/2021,,,,70,5.6,,,,,,,,,,,
KCHILGMR21p,276,Kelsall,parr,,276,10/5/2021,,,,72,4.4,,,,,,,,,,,
KCHILGMR21p,277,Kelsall,parr,,277,10/5/2021,,,,63,4.2,,,,,,,,,,,
KCHILGMR21p,278,Kelsall,parr,,278,10/5/2021,,,,68,4,,,,,,,,,,,
KCHILGMR21p,279,Kelsall,parr,,279,10/5/2021,,,,58,3,,,,,,,,,,,
KCHILGMR21p,280,Kelsall,parr,,280,10/5/2021,,,,60,3.4,,,,,,,,,,,
KCHILGMR21p,281,Kelsall,parr,,281,10/5/2021,,,,70,5.5,,,,,,,,,,,
KCHILGMR21p,282,Kelsall,parr,,282,10/5/2021,,,,65,4,,,,,,,,,,,
KCHILGMR21p,283,Kelsall,parr,,283,10/5/2021,,,,72,4.7,,,,,,,,,,,
KCHILGMR21p,284,Kelsall,parr,,284,10/5/2021,,,,51,2.5,,,,,,,,,,,
KCHILGMR21p,285,Kelsall,parr,,285,10/5/2021,,,,68,3.7,,,,,,,,,,,
KCHILGMR21p,286,Kelsall,parr,,286,10/5/2021,,,,85,6.9,,,,,,,,,,,
KCHILGMR21p,287,Kelsall,parr,,287,10/5/2021,,,,62,2.8,,,,,,,,,,,
KCHILGMR21p,288,Kelsall,parr,,288,10/5/2021,,,,82,6.4,,,,,,,,,,,
KCHILGMR21p,289,Kelsall,parr,,289,10/5/2021,,,,65,4.8,,,,,,,,,,,
KCHILGMR21p,290,Kelsall,parr,,290,10/5/2021,,,,79,6.5,,,,,,,,,,,
KCHILGMR21p,291,Kelsall,parr,,291,10/5/2021,,,,71,4.6,,,,,,,,,,,
KCHILGMR21p,292,Kelsall,parr,,292,10/5/2021,,,,61,3.2,,,,,,,,,,,
KCHILGMR21p,293,Kelsall,parr,,293,10/5/2021,,,,56,2.9,,,,,,,,,,,
KCHILGMR21p,294,Kelsall,parr,,294,10/5/2021,,,,73,5.5,,,,,,,,,,,
KCHILGMR21p,295,Kelsall,parr,,295,10/5/2021,,,,65,3.6,,,,,,,,,,,
KCHILGMR21p,296,Kelsall,parr,,296,10/5/2021,,,,65,3.5,,,,,,,,,,,
KCHILGMR21p,297,Kelsall,parr,,297,10/5/2021,,,,58,2.1,,,,,,,,,,,
KCHILGMR21p,298,Kelsall,parr,,298,10/5/2021,,,,60,3.3,,,,,,,,,,,
KCHILGMR21p,299,Kelsall,parr,,299,10/5/2021,,,,70,3.8,,,,,,,,,,,
KCHILGMR21p,300,Kelsall,parr,,300,10/5/2021,,,,70,4.5,,,,,,,,,,,
KCHILGMR21p,301,Kelsall,parr,,301,10/6/2021,,,,64,3.4,,,,,,,,,,,
KCHILGMR21p,302,Kelsall,parr,,302,10/6/2021,,,,63,3.4,,,,,,,,,,,
KCHILGMR21p,303,Kelsall,parr,,303,10/6/2021,,,,71,4.6,,,,,,,,,,,
KCHILGMR21p,304,Kelsall,parr,,304,10/6/2021,,,,67,4.1,,,,,,,,,,,
KCHILGMR21p,305,Kelsall,parr,,305,10/6/2021,,,,78,6.6,,,,,,,,,,,
KCHILGMR21p,306,Kelsall,parr,,306,10/6/2021,,,,70,5,,,,,,,,,,,
KCHILGMR21p,307,Kelsall,parr,,307,10/6/2021,,,,62,3.1,,,,,,,,,,,
KCHILGMR21p,308,Kelsall,parr,,308,10/6/2021,,,,68,4,,,,,,,,,,,
KCHILGMR21p,309,Kelsall,parr,,309,10/6/2021,,,,79,6.2,,,,,,,,,,,
KCHILGMR21p,310,Kelsall,parr,,310,10/6/2021,,,,74,5.1,,,,,,,,,,,
KCHILGMR21p,311,Kelsall,parr,,311,10/6/2021,,,,71,5.9,,,,,,,,,,,
KCHILGMR21p,312,Kelsall,parr,,312,10/6/2021,,,,68,3.9,,,,,,,,,,,
KCHILGMR21p,313,Kelsall,parr,,313,10/6/2021,,,,68,4.3,,,,,,,,,,,
KCHILGMR21p,314,Kelsall,parr,,314,10/6/2021,,,,59,1.1,,,,,,,,,,,
KCHILGMR21p,315,Kelsall,parr,,315,10/6/2021,,,,76,5,,,,,,,,,,,
KCHILGMR21p,316,Kelsall,parr,,316,10/6/2021,,,,79,4.3,,,,,,,,,,,
KCHILGMR21p,317,Kelsall,parr,,317,10/6/2021,,,,68,3.3,,,,,,,,,,,
KCHILGMR21p,318,Kelsall,parr,,318,10/6/2021,,,,65,3,,,,,,,,,,,
KCHILGMR21p,319,Kelsall,parr,,319,10/6/2021,,,,68,3.8,,,,,,,,,,,
KCHILGMR21p,320,Kelsall,parr,,320,10/6/2021,,,,62,3.8,,,,,,,,,,,
KCHILGMR21p,321,Kelsall,parr,,321,10/6/2021,,,,78,8.2,,,,,,,,,,,
KCHILGMR21p,322,Kelsall,parr,,322,10/6/2021,,,,70,6.2,,,,,,,,,,,
KCHILGMR21p,323,Kelsall,parr,,323,10/6/2021,,,,62,4.5,,,,,,,,,,,
KCHILGMR21p,324,Kelsall,parr,,324,10/6/2021,,,,76,4.7,,,,,,,,,,,
KCHILGMR21p,325,Kelsall,parr,,325,10/6/2021,,,,75,3.7,,,,,,,,,,,
KCHILGMR21p,326,Kelsall,parr,,326,10/6/2021,,,,62,4.4,,,,,,,,,,,
KCHILGMR21p,327,Kelsall,parr,,327,10/6/2021,,,,76,4.3,,,,,,,,,,,
KCHILGMR21p,328,Kelsall,parr,,328,10/6/2021,,,,69,5.1,,,,,,,,,,,
KCHILGMR21p,329,Kelsall,parr,,329,10/6/2021,,,,62,4.6,,,,,,,,,,,
KCHILGMR21p,330,Kelsall,parr,,330,10/6/2021,,,,69,5,,,,,,,,,,,
KCHILGMR21p,331,Kelsall,parr,,331,10/6/2021,,,,65,3.8,,,,,,,,,,,
KCHILGMR21p,332,Kelsall,parr,,332,10/6/2021,,,,62,4.6,,,,,,,,,,,
KCHILGMR21p,333,Kelsall,parr,,333,10/6/2021,,,,79,7.1,,,,,,,,,,,
KCHILGMR21p,334,Kelsall,parr,,334,10/6/2021,,,,75,4.8,,,,,,,,,,,
KCHILGMR21p,335,Kelsall,parr,,335,10/6/2021,,,,82,7.5,,,,,,,,,,,
KCHILGMR21p,336,Kelsall,parr,,336,10/6/2021,,,,66,2.8,,,,,,,,,,,
KCHILGMR21p,337,Kelsall,parr,,337,10/6/2021,,,,76,5.2,,,,,,,,,,,
KCHILGMR21p,338,Kelsall,parr,,338,10/6/2021,,,,58,2.5,,,,,,,,,,,
KCHILGMR21p,339,Kelsall,parr,,339,10/6/2021,,,,79,4.6,,,,,,,,,,,
KCHILGMR21p,340,Kelsall,parr,,340,10/6/2021,,,,76,4.3,,,,,,,,,,,
KCHILGMR21p,341,Kelsall,parr,,341,10/6/2021,,,,72,5.5,,,,,,,,,,,
KCHILGMR21p,342,Kelsall,parr,,342,10/6/2021,,,,71,5.2,,,,,,,,,,,
KCHILGMR21p,343,Kelsall,parr,,343,10/6/2021,,,,63,3.5,,,,,,,,,,,
KCHILGMR21p,344,Kelsall,parr,,344,10/6/2021,,,,65,3.9,,,,,,,,,,,
KCHILGMR21p,345,Kelsall,parr,,345,10/6/2021,,,,72,3.6,,,,,,,,,,,
KCHILGMR21p,346,Kelsall,parr,,346,10/6/2021,,,,75,4.3,,,,,,,,,,,
KCHILGMR21p,347,Kelsall,parr,,347,10/6/2021,,,,65,4.4,,,,,,,,,,,
KCHILGMR21p,348,Kelsall,parr,,348,10/6/2021,,,,62,3.8,,,,,,,,,,,
KCHILGMR21p,349,Kelsall,parr,,349,10/6/2021,,,,77,5.3,,,,,,,,,,,
KCHILGMR21p,350,Kelsall,parr,,350,10/6/2021,,,,59,4.2,,,,,,,,,,,
KCHILGMR21p,351,Kelsall,parr,,351,10/7/2021,,,,68,6.6,,,,,,,,,,,
KCHILGMR21p,352,Kelsall,parr,,352,10/7/2021,,,,61,3.6,,,,,,,,,,,
KCHILGMR21p,353,Kelsall,parr,,353,10/7/2021,,,,64,3.5,,,,,,,,,,,
KCHILGMR21p,354,Kelsall,parr,,354,10/7/2021,,,,83,6.8,,,,,,,,,,,
KCHILGMR21p,355,Kelsall,parr,,355,10/7/2021,,,,63,2.5,,,,,,,,,,,
KCHILGMR21p,356,Kelsall,parr,,356,10/7/2021,,,,75,5.5,,,,,,,,,,,
KCHILGMR21p,357,Kelsall,parr,,357,10/7/2021,,,,59,3.2,,,,,,,,,,,
KCHILGMR21p,358,Kelsall,parr,,358,10/7/2021,,,,64,4.1,,,,,,,,,,,
KCHILGMR21p,359,Kelsall,parr,,359,10/7/2021,,,,63,4.1,,,,,,,,,,,
KCHILGMR21p,360,Kelsall,parr,,360,10/7/2021,,,,61,2.8,,,,,,,,,,,
KCHILGMR21p,361,Kelsall,parr,,361,10/7/2021,,,,70,3.4,,,,,,,,,,,
KCHILGMR21p,362,Kelsall,parr,,362,10/7/2021,,,,61,2.5,,,,,,,,,,,
KCHILGMR21p,363,Kelsall,parr,,363,10/7/2021,,,,72,3.3,,,,,,,,,,,
KCHILGMR21p,364,Kelsall,parr,,364,10/7/2021,,,,70,3.1,,,,,,,,,,,
KCHILGMR21p,365,Kelsall,parr,,365,10/7/2021,,,,76,5.3,,,,,,,,,,,
KCHILGMR21p,366,Kelsall,parr,,366,10/7/2021,,,,75,4.7,,,,,,,,,,,
KCHILGMR21p,367,Kelsall,parr,,367,10/7/2021,,,,69,2.9,,,,,,,,,,,
KCHILGMR21p,368,Kelsall,parr,,368,10/7/2021,,,,72,5.2,,,,,,,,,,,
KCHILGMR21p,369,Kelsall,parr,,369,10/7/2021,,,,76,5.9,,,,,,,,,,,
KCHILGMR21p,370,Kelsall,parr,,370,10/7/2021,,,,81,8.8,,,,,,,,,,,
KCHILGMR21p,371,Kelsall,parr,,371,10/7/2021,,,,75,4.1,,,,,,,,,,,
KCHILGMR21p,372,Kelsall,parr,,372,10/7/2021,,,,70,2.9,,,,,,,,,,,
KCHILGMR21p,373,Kelsall,parr,,373,10/7/2021,,,,99,10,,,,,,,,,,,
KCHILGMR21p,374,Kelsall,parr,,374,10/7/2021,,,,60,2.9,,,,,,,,,,,
KCHILGMR21p,375,Kelsall,parr,,375,10/7/2021,,,,60,2.6,,,,,,,,,,,
KCHILGMR21p,376,Kelsall,parr,,376,10/7/2021,,,,70,4.8,,,,,,,,,,,
KCHILGMR21p,377,Kelsall,parr,,377,10/7/2021,,,,65,3.8,,,,,,,,,,,
KCHILGMR21p,378,Kelsall,parr,,378,10/7/2021,,,,65,4.3,,,,,,,,,,,
KCHILGMR21p,379,Kelsall,parr,,379,10/7/2021,,,,66,3.7,,,,,,,,,,,
KCHILGMR21p,380,Kelsall,parr,,380,10/7/2021,,,,61,4.7,,,,,,,,,,,
KCHILGMR21p,381,Kelsall,parr,,381,10/7/2021,,,,75,5.8,,,,,,,,,,,
KCHILGMR21p,382,Kelsall,parr,,382,10/7/2021,,,,65,3.8,,,,,,,,,,,
KCHILGMR21p,383,Kelsall,parr,,383,10/7/2021,,,,69,5,,,,,,,,,,,
KCHILGMR21p,384,Kelsall,parr,,384,10/7/2021,,,,72,4.8,,,,,,,,,,,
KCHILGMR21p,385,Kelsall,parr,,385,10/7/2021,,,,66,4.4,,,,,,,,,,,
KCHILGMR21p,386,Kelsall,parr,,386,10/7/2021,,,,62,3.4,,,,,,,,,,,
KCHILGMR21p,387,Kelsall,parr,,387,10/7/2021,,,,60,3.1,,,,,,,,,,,
KCHILGMR21p,388,Kelsall,parr,,388,10/7/2021,,,,61,3.7,,,,,,,,,,,
KCHILGMR21p,389,Kelsall,parr,,389,10/7/2021,,,,60,3.8,,,,,,,,,,,
KCHILGMR21p,390,Kelsall,parr,,390,10/7/2021,,,,83,7.8,,,,,,,,,,,
KCHILGMR21p,391,Kelsall,parr,,391,10/7/2021,,,,74,5.4,,,,,,,,,,,
KCHILGMR21p,392,Kelsall,parr,,392,10/7/2021,,,,71,4.3,,,,,,,,,,,
KCHILGMR21p,393,Kelsall,parr,,393,10/7/2021,,,,76,5.6,,,,,,,,,,,
KCHILGMR21p,394,Kelsall,parr,,394,10/7/2021,,,,61,2.9,,,,,,,,,,,
KCHILGMR21p,395,Kelsall,parr,,395,10/7/2021,,,,65,3.5,,,,,,,,,,,
KCHILGMR21p,396,Kelsall,parr,,396,10/7/2021,,,,75,4.9,,,,,,,,,,,
KCHILGMR21p,397,Kelsall,parr,,397,10/7/2021,,,,71,5,,,,,,,,,,,
KCHILGMR21p,398,Kelsall,parr,,398,10/7/2021,,,,62,3.3,,,,,,,,,,,
KCHILGMR21p,399,Kelsall,parr,,399,10/7/2021,,,,75,4.9,,,,,,,,,,,
KCHILGMR21p,400,Kelsall,parr,,400,10/7/2021,,,,67,3.7,,,,,,,,,,,
KCHILGMR21p,401,Kelsall,parr,,401,10/8/2021,,,,82,7,,,,,,,,,,,
KCHILGMR21p,402,Kelsall,parr,,402,10/8/2021,,,,68,4.1,,,,,,,,,,,
KCHILGMR21p,403,Kelsall,parr,,403,10/8/2021,,,,70,4.1,,,,,,,,,,,
KCHILGMR21p,404,Kelsall,parr,,404,10/8/2021,,,,65,3.9,,,,,,,,,,,
KCHILGMR21p,405,Kelsall,parr,,405,10/8/2021,,,,64,4.3,,,,,,,,,,,
KCHILGMR21p,406,Kelsall,parr,,406,10/8/2021,,,,60,3.8,,,,,,,,,,,
KCHILGMR21p,407,Kelsall,parr,,407,10/8/2021,,,,62,2.8,,,,,,,,,,,
KCHILGMR21p,408,Kelsall,parr,,408,10/8/2021,,,,80,5.5,,,,,,,,,,,
KCHILGMR21p,409,Kelsall,parr,,409,10/8/2021,,,,70,4.9,,,,,,,,,,,
KCHILGMR21p,410,Kelsall,parr,,410,10/8/2021,,,,75,5.4,,,,,,,,,,,
KCHILGMR21p,411,Kelsall,parr,,411,10/8/2021,,,,72,4.3,,,,,,,,,,,
KCHILGMR21p,412,Kelsall,parr,,412,10/8/2021,,,,61,3.2,,,,,,,,,,,
KCHILGMR21p,413,Kelsall,parr,,413,10/8/2021,,,,70,4.2,,,,,,,,,,,
KCHILGMR21p,414,Kelsall,parr,,414,10/8/2021,,,,79,5.3,,,,,,,,,,,
KCHILGMR21p,415,Kelsall,parr,,415,10/8/2021,,,,75,5.9,,,,,,,,,,,
KCHILGMR21p,416,Kelsall,parr,,416,10/8/2021,,,,63,4,,,,,,,,,,,
KCHILGMR21p,417,Kelsall,parr,,417,10/8/2021,,,,66,4,,,,,,,,,,,
KCHILGMR21p,418,Kelsall,parr,,418,10/8/2021,,,,60,3.1,,,,,,,,,,,
KCHILGMR21p,419,Kelsall,parr,,419,10/8/2021,,,,63,3.8,,,,,,,,,,,
KCHILGMR21p,420,Kelsall,parr,,420,10/8/2021,,,,64,3.8,,,,,,,,,,,
KCHILGMR21p,421,Kelsall,parr,,421,10/8/2021,,,,58,2.8,,,,,,,,,,,
KCHILGMR21p,422,Kelsall,parr,,422,10/8/2021,,,,75,6.5,,,,,,,,,,,
KCHILGMR21p,423,Kelsall,parr,,423,10/8/2021,,,,75,6,,,,,,,,,,,
KCHILGMR21p,424,Kelsall,parr,,424,10/8/2021,,,,75,5,,,,,,,,,,,
KCHILGMR21p,425,Kelsall,parr,,425,10/8/2021,,,,70,4.1,,,,,,,,,,,
KCHILGMR21p,426,Kelsall,parr,,426,10/8/2021,,,,72,5.1,,,,,,,,,,,
KCHILGMR21p,427,Kelsall,parr,,427,10/8/2021,,,,70,4.1,,,,,,,,,,,
KCHILGMR21p,428,Kelsall,parr,,428,10/8/2021,,,,64,4.8,,,,,,,,,,,
KCHILGMR21p,429,Kelsall,parr,,429,10/8/2021,,,,65,4.8,,,,,,,,,,,
KCHILGMR21p,430,Kelsall,parr,,430,10/8/2021,,,,60,3.1,,,,,,,,,,,
KCHILGMR21p,431,Kelsall,parr,,431,10/8/2021,,,,62,3,,,,,,,,,,,
KCHILGMR21p,432,Kelsall,parr,,432,10/8/2021,,,,62,3.3,,,,,,,,,,,
KCHILGMR21p,433,Kelsall,parr,,433,10/8/2021,,,,60,3.8,,,,,,,,,,,
KCHILGMR21p,434,Kelsall,parr,,434,10/8/2021,,,,62,3.3,,,,,,,,,,,
KCHILGMR21p,435,Kelsall,parr,,435,10/8/2021,,,,69,4.2,,,,,,,,,,,
KCHILGMR21p,436,Kelsall,parr,,436,10/8/2021,,,,70,3.6,,,,,,,,,,,
KCHILGMR21p,437,Kelsall,parr,,437,10/8/2021,,,,70,4.2,,,,,,,,,,,
KCHILGMR21p,438,Kelsall,parr,,438,10/8/2021,,,,70,4.4,,,,,,,,,,,
KCHILGMR21p,439,Kelsall,parr,,439,10/8/2021,,,,68,3.7,,,,,,,,,,,
KCHILGMR21p,440,Kelsall,parr,,440,10/8/2021,,,,64,3.2,,,,,,,,,,,
KCHILGMR21p,441,Kelsall,parr,,441,10/8/2021,,,,60,3.2,,,,,,,,,,,
KCHILGMR21p,442,Kelsall,parr,,442,10/8/2021,,,,65,4.2,,,,,,,,,,,
KCHILGMR21p,443,Kelsall,parr,,443,10/8/2021,,,,65,5.2,,,,,,,,,,,
KCHILGMR21p,444,Kelsall,parr,,444,10/8/2021,,,,65,3.5,,,,,,,,,,,
KCHILGMR21p,445,Kelsall,parr,,445,10/8/2021,,,,79,5.9,,,,,,,,,,,
KCHILGMR21p,446,Kelsall,parr,,446,10/8/2021,,,,75,6.3,,,,,,,,,,,
KCHILGMR21p,447,Kelsall,parr,,447,10/8/2021,,,,55,3,,,,,,,,,,,
KCHILGMR21p,448,Kelsall,parr,,448,10/8/2021,,,,66,4,,,,,,,,,,,
KCHILGMR21p,449,Kelsall,parr,,449,10/8/2021,,,,71,5,,,,,,,,,,,
KCHILGMR21p,450,Kelsall,parr,,450,10/8/2021,,,,61,2.7,,,,,,,,,,,
KCHILGMR21p,451,Kelsall,parr,,451,10/9/2021,,,,55,2.5,,,,,,,,,,,
KCHILGMR21p,452,Kelsall,parr,,452,10/9/2021,,,,75,5,,,,,,,,,,,
KCHILGMR21p,453,Kelsall,parr,,453,10/9/2021,,,,74,3.7,,,,,,,,,,,
KCHILGMR21p,454,Kelsall,parr,,454,10/9/2021,,,,77,4,,,,,,,,,,,
KCHILGMR21p,455,Kelsall,parr,,455,10/9/2021,,,,73,4.1,,,,,,,,,,,
KCHILGMR21p,456,Kelsall,parr,,456,10/9/2021,,,,66,3.8,,,,,,,,,,,
KCHILGMR21p,457,Kelsall,parr,,457,10/9/2021,,,,63,3.4,,,,,,,,,,,
KCHILGMR21p,458,Kelsall,parr,,458,10/9/2021,,,,63,2.2,,,,,,,,,,,
KCHILGMR21p,459,Kelsall,parr,,459,10/9/2021,,,,64,2.6,,,,,,,,,,,
KCHILGMR21p,460,Kelsall,parr,,460,10/9/2021,,,,65,3.4,,,,,,,,,,,
KCHILGMR21p,461,Kelsall,parr,,461,10/9/2021,,,,62,3.2,,,,,,,,,,,
KCHILGMR21p,462,Kelsall,parr,,462,10/9/2021,,,,83,7.2,,,,,,,,,,,
KCHILGMR21p,463,Kelsall,parr,,463,10/9/2021,,,,58,2.3,,,,,,,,,,,
KCHILGMR21p,464,Kelsall,parr,,464,10/9/2021,,,,65,4.3,,,,,,,,,,,
KCHILGMR21p,465,Kelsall,parr,,465,10/9/2021,,,,76,5.5,,,,,,,,,,,
KCHILGMR21p,466,Kelsall,parr,,466,10/9/2021,,,,69,4.3,,,,,,,,,,,
KCHILGMR21p,467,Kelsall,parr,,467,10/9/2021,,,,75,5.7,,,,,,,,,,,
KCHILGMR21p,468,Kelsall,parr,,468,10/9/2021,,,,68,3.3,,,,,,,,,,,
KCHILGMR21p,469,Kelsall,parr,,469,10/9/2021,,,,75,5.4,,,,,,,,,,,
KCHILGMR21p,470,Kelsall,parr,,470,10/9/2021,,,,62,2.8,,,,,,,,,,,
KCHILGMR21p,471,Kelsall,parr,,471,10/9/2021,,,,59,2.5,,,,,,,,,,,
KCHILGMR21p,472,Kelsall,parr,,472,10/9/2021,,,,64,3.9,,,,,,,,,,,
KCHILGMR21p,473,Kelsall,parr,,473,10/9/2021,,,,65,3.2,,,,,,,,,,,
KCHILGMR21p,474,Kelsall,parr,,474,10/9/2021,,,,76,5.1,,,,,,,,,,,
KCHILGMR21p,475,Kelsall,parr,,475,10/9/2021,,,,70,4.1,,,,,,,,,,,
KCHILGMR21p,476,Kelsall,parr,,476,10/9/2021,,,,65,3.9,,,,,,,,,,,
KCHILGMR21p,477,Kelsall,parr,,477,10/9/2021,,,,75,5.5,,,,,,,,,,,
KCHILGMR21p,478,Kelsall,parr,,478,10/9/2021,,,,65,3.4,,,,,,,,,,,
KCHILGMR21p,479,Kelsall,parr,,479,10/9/2021,,,,60,2.6,,,,,,,,,,,
KCHILGMR21p,480,Kelsall,parr,,480,10/9/2021,,,,62,2.3,,,,,,,,,,,
KCHILGMR21p,481,Kelsall,parr,,481,10/9/2021,,,,70,4.8,,,,,,,,,,,
KCHILGMR21p,482,Kelsall,parr,,482,10/9/2021,,,,69,3.3,,,,,,,,,,,
KCHILGMR21p,483,Kelsall,parr,,483,10/9/2021,,,,60,3.2,,,,,,,,,,,
KCHILGMR21p,484,Kelsall,parr,,484,10/9/2021,,,,70,5.6,,,,,,,,,,,
KCHILGMR21p,485,Kelsall,parr,,485,10/9/2021,,,,66,3,,,,,,,,,,,
KCHILGMR21p,486,Kelsall,parr,,486,10/9/2021,,,,73,5.5,,,,,,,,,,,
KCHILGMR21p,487,Kelsall,parr,,487,10/9/2021,,,,70,3.8,,,,,,,,,,,
KCHILGMR21p,488,Kelsall,parr,,488,10/9/2021,,,,72,4.3,,,,,,,,,,,
KCHILGMR21p,489,Kelsall,parr,,489,10/9/2021,,,,66,3.4,,,,,,,,,,,
KCHILGMR21p,490,Kelsall,parr,,490,10/9/2021,,,,70,5.2,,,,,,,,,,,
KCHILGMR21p,491,Kelsall,parr,,491,10/9/2021,,,,75,5.6,,,,,,,,,,,
KCHILGMR21p,492,Kelsall,parr,,492,10/9/2021,,,,71,5.1,,,,,,,,,,,
KCHILGMR21p,493,Kelsall,parr,,493,10/9/2021,,,,70,3.5,,,,,,,,,,,
KCHILGMR21p,494,Kelsall,parr,,494,10/9/2021,,,,65,3.2,,,,,,,,,,,
KCHILGMR21p,495,Kelsall,parr,,495,10/9/2021,,,,70,4.4,,,,,,,,,,,
KCHILGMR21p,496,Kelsall,parr,,496,10/9/2021,,,,80,6.3,,,,,,,,,,,
KCHILGMR21p,497,Kelsall,parr,,497,10/9/2021,,,,65,4,,,,,,,,,,,
KCHILGMR21p,498,Kelsall,parr,,498,10/9/2021,,,,76,5.1,,,,,,,,,,,
KCHILGMR21p,499,Kelsall,parr,,499,10/9/2021,,,,71,4.7,,,,,,,,,,,
KCHILGMR21p,500,Kelsall,parr,,500,10/9/2021,,,,82,6.6,,,,,,,,,,,
KCHILGMR21p,501,Chilkat,parr,,501,10/19/2021,,,,70,4,,,,,,,,,,,
KCHILGMR21p,502,Chilkat,parr,,502,10/19/2021,,,,70,4.5,,,,,,,,,,,
KCHILGMR21p,503,Chilkat,parr,,503,10/19/2021,,,,60,3,,,,,,,,,,,
KCHILGMR21p,504,Chilkat,parr,,504,10/19/2021,,,,60,2.5,,,,,,,,,,,
KCHILGMR21p,505,Chilkat,parr,,505,10/19/2021,,,,62,3.8,,,,,,,,,,,
KCHILGMR21p,506,Chilkat,parr,,506,10/19/2021,,,,68,4.2,,,,,,,,,,,
KCHILGMR21p,507,Chilkat,parr,,507,10/19/2021,,,,52,3.3,,,,,,,,,,,
KCHILGMR21p,508,Chilkat,parr,,508,10/19/2021,,,,57,2.9,,,,,,,,,,,
KCHILGMR21p,509,Chilkat,parr,,509,10/19/2021,,,,62,3.8,,,,,,,,,,,
KCHILGMR21p,510,Chilkat,parr,,510,10/19/2021,,,,56,2.5,,,,,,,,,,,
KCHILGMR21p,511,Chilkat,parr,,511,10/19/2021,,,,54,2.6,,,,,,,,,,,
KCHILGMR21p,512,Chilkat,parr,,512,10/19/2021,,,,65,3.5,,,,,,,,,,,
KCHILGMR21p,513,Chilkat,parr,,513,10/19/2021,,,,63,3.7,,,,,,,,,,,
KCHILGMR21p,514,Chilkat,parr,,514,10/19/2021,,,,68,4.7,,,,,,,,,,,
KCHILGMR21p,515,Chilkat,parr,,515,10/19/2021,,,,55,2.5,,,,,,,,,,,
KCHILGMR21p,516,Chilkat,parr,,516,10/19/2021,,,,63,4.3,,,,,,,,,,,
KCHILGMR21p,517,Chilkat,parr,,517,10/19/2021,,,,70,5.3,,,,,,,,,,,
KCHILGMR21p,518,Chilkat,parr,,518,10/19/2021,,,,75,5.5,,,,,,,,,,,
KCHILGMR21p,519,Chilkat,parr,,519,10/19/2021,,,,55,1.8,,,,,,,,,,,
KCHILGMR21p,520,Chilkat,parr,,520,10/19/2021,,,,65,3.5,,,,,,,,,,,
KCHILGMR21p,521,Chilkat,parr,,521,10/19/2021,,,,65,3.7,,,,,,,,,,,
KCHILGMR21p,522,Chilkat,parr,,522,10/19/2021,,,,61,3.2,,,,,,,,,,,
KCHILGMR21p,523,Chilkat,parr,,523,10/19/2021,,,,61,2.5,,,,,,,,,,,
KCHILGMR21p,524,Chilkat,parr,,524,10/19/2021,,,,50,1.5,,,,,,,,,,,
KCHILGMR21p,525,Chilkat,parr,,525,10/19/2021,,,,55,2.8,,,,,,,,,,,
KCHILGMR21p,526,Chilkat,parr,,526,10/19/2021,,,,80,4.8,,,,,,,,,,,
KCHILGMR21p,527,Chilkat,parr,,527,10/19/2021,,,,80,5,,,,,,,,,,,
KCHILGMR21p,528,Chilkat,parr,,528,10/19/2021,,,,65,3.1,,,,,,,,,,,
KCHILGMR21p,529,Chilkat,parr,,529,10/19/2021,,,,63,3.9,,,,,,,,,,,
KCHILGMR21p,530,Chilkat,parr,,530,10/19/2021,,,,56,2.8,,,,,,,,,,,
KCHILGMR21p,531,Chilkat,parr,,531,10/19/2021,,,,65,3.8,,,,,,,,,,,
KCHILGMR21p,532,Chilkat,parr,,532,10/19/2021,,,,61,2.1,,,,,,,,,,,
KCHILGMR21p,533,Chilkat,parr,,533,10/19/2021,,,,59,2.2,,,,,,,,,,,
KCHILGMR21p,534,Chilkat,parr,,534,10/19/2021,,,,70,4,,,,,,,,,,,
KCHILGMR21p,535,Chilkat,parr,,535,10/19/2021,,,,61,3.2,,,,,,,,,,,
KCHILGMR21p,536,Chilkat,parr,,536,10/19/2021,,,,58,2.4,,,,,,,,,,,
KCHILGMR21p,537,Chilkat,parr,,537,10/19/2021,,,,75,4.9,,,,,,,,,,,
KCHILGMR21p,538,Chilkat,parr,,538,10/19/2021,,,,68,3.7,,,,,,,,,,,
KCHILGMR21p,539,Chilkat,parr,,539,10/19/2021,,,,73,4.4,,,,,,,,,,,
KCHILGMR21p,540,Chilkat,parr,,540,10/19/2021,,,,65,2.9,,,,,,,,,,,
KCHILGMR21p,541,Chilkat,parr,,541,10/19/2021,,,,58,3,,,,,,,,,,,
KCHILGMR21p,542,Chilkat,parr,,542,10/19/2021,,,,65,2.8,,,,,,,,,,,
KCHILGMR21p,543,Chilkat,parr,,543,10/19/2021,,,,58,3,,,,,,,,,,,
KCHILGMR21p,544,Chilkat,parr,,544,10/19/2021,,,,70,3.9,,,,,,,,,,,
KCHILGMR21p,545,Chilkat,parr,,545,10/19/2021,,,,89,4.9,,,,,,,,,,,
KCHILGMR21p,546,Chilkat,parr,,546,10/19/2021,,,,75,3.9,,,,,,,,,,,
KCHILGMR21p,547,Chilkat,parr,,547,10/19/2021,,,,80,5.8,,,,,,,,,,,
KCHILGMR21p,548,Chilkat,parr,,548,10/19/2021,,,,68,4.3,,,,,,,,,,,
KCHILGMR21p,549,Chilkat,parr,,549,10/19/2021,,,,70,2.3,,,,,,,,,,,
KCHILGMR21p,550,Chilkat,parr,,550,10/19/2021,,,,70,4.5,,,,,,,,,,,
KCHILGMR21p,551,Chilkat,parr,,551,10/20/2021,,,,59,2.8,,,,,,,,,,,
KCHILGMR21p,552,Chilkat,parr,,552,10/20/2021,,,,67,3.8,,,,,,,,,,,
KCHILGMR21p,553,Chilkat,parr,,553,10/20/2021,,,,70,4.1,,,,,,,,,,,
KCHILGMR21p,554,Chilkat,parr,,554,10/20/2021,,,,70,4.6,,,,,,,,,,,
KCHILGMR21p,555,Chilkat,parr,,555,10/20/2021,,,,62,3.4,,,,,,,,,,,
KCHILGMR21p,556,Chilkat,parr,,556,10/20/2021,,,,68,4,,,,,,,,,,,
KCHILGMR21p,557,Chilkat,parr,,557,10/20/2021,,,,63,2.9,,,,,,,,,,,
KCHILGMR21p,558,Chilkat,parr,,558,10/20/2021,,,,67,2.7,,,,,,,,,,,
KCHILGMR21p,559,Chilkat,parr,,559,10/20/2021,,,,60,2.6,,,,,,,,,,,
KCHILGMR21p,560,Chilkat,parr,,560,10/20/2021,,,,70,4.8,,,,,,,,,,,
KCHILGMR21p,561,Chilkat,parr,,561,10/20/2021,,,,62,2.9,,,,,,,,,,,
KCHILGMR21p,562,Chilkat,parr,,562,10/20/2021,,,,75,5.5,,,,,,,,,,,
KCHILGMR21p,563,Chilkat,parr,,563,10/20/2021,,,,73,4.8,,,,,,,,,,,
KCHILGMR21p,564,Chilkat,parr,,564,10/20/2021,,,,80,5.1,,,,,,,,,,,
KCHILGMR21p,565,Chilkat,parr,,565,10/20/2021,,,,61,3.5,,,,,,,,,,,
KCHILGMR21p,566,Chilkat,parr,,566,10/20/2021,,,,58,2.6,,,,,,,,,,,
KCHILGMR21p,567,Chilkat,parr,,567,10/20/2021,,,,68,3.1,,,,,,,,,,,
KCHILGMR21p,568,Chilkat,parr,,568,10/20/2021,,,,72,3.8,,,,,,,,,,,
KCHILGMR21p,569,Chilkat,parr,,569,10/20/2021,,,,75,4,,,,,,,,,,,
KCHILGMR21p,570,Chilkat,parr,,570,10/20/2021,,,,65,4.2,,,,,,,,,,,
KCHILGMR21p,571,Chilkat,parr,,571,10/20/2021,,,,55,2.8,,,,,,,,,,,
KCHILGMR21p,572,Chilkat,parr,,572,10/20/2021,,,,82,6,,,,,,,,,,,
KCHILGMR21p,573,Chilkat,parr,,573,10/20/2021,,,,68,3.8,,,,,,,,,,,
KCHILGMR21p,574,Chilkat,parr,,574,10/20/2021,,,,55,3.4,,,,,,,,,,,
KCHILGMR21p,575,Chilkat,parr,,575,10/20/2021,,,,58,3.8,,,,,,,,,,,
KCHILGMR21p,576,Chilkat,parr,,576,10/20/2021,,,,77,6,,,,,,,,,,,
KCHILGMR21p,577,Chilkat,parr,,577,10/20/2021,,,,71,4.5,,,,,,,,,,,
KCHILGMR21p,578,Chilkat,parr,,578,10/20/2021,,,,81,5.4,,,,,,,,,,,
KCHILGMR21p,579,Chilkat,parr,,579,10/20/2021,,,,75,5.6,,,,,,,,,,,
KCHILGMR21p,580,Chilkat,parr,,580,10/20/2021,,,,60,3.7,,,,,,,,,,,
KCHILGMR21p,581,Chilkat,parr,,581,10/20/2021,,,,60,4.8,,,,,,,,,,,
KCHILGMR21p,582,Chilkat,parr,,582,10/20/2021,,,,61,4.5,,,,,,,,,,,
KCHILGMR21p,583,Chilkat,parr,,583,10/20/2021,,,,59,3.1,,,,,,,,,,,
KCHILGMR21p,584,Chilkat,parr,,584,10/20/2021,,,,71,4.6,,,,,,,,,,,
KCHILGMR21p,585,Chilkat,parr,,585,10/20/2021,,,,83,6.9,,,,,,,,,,,
KCHILGMR21p,586,Chilkat,parr,,586,10/20/2021,,,,60,3.8,,,,,,,,,,,
KCHILGMR21p,587,Chilkat,parr,,587,10/20/2021,,,,71,4.8,,,,,,,,,,,
KCHILGMR21p,588,Chilkat,parr,,588,10/20/2021,,,,61,4.3,,,,,,,,,,,
KCHILGMR21p,589,Chilkat,parr,,589,10/20/2021,,,,71,5.8,,,,,,,,,,,
KCHILGMR21p,590,Chilkat,parr,,590,10/20/2021,,,,75,6.2,,,,,,,,,,,
KCHILGMR21p,591,Chilkat,parr,,591,10/20/2021,,,,60,3.5,,,,,,,,,,,
KCHILGMR21p,592,Chilkat,parr,,592,10/20/2021,,,,68,4.3,,,,,,,,,,,
KCHILGMR21p,593,Chilkat,parr,,593,10/20/2021,,,,70,4.5,,,,,,,,,,,
KCHILGMR21p,594,Chilkat,parr,,594,10/20/2021,,,,60,3.8,,,,,,,,,,,
KCHILGMR21p,595,Chilkat,parr,,595,10/20/2021,,,,67,4.3,,,,,,,,,,,
KCHILGMR21p,596,Chilkat,parr,,596,10/20/2021,,,,70,3.8,,,,,,,,,,,
KCHILGMR21p,597,Chilkat,parr,,597,10/20/2021,,,,63,3.6,,,,,,,,,,,
KCHILGMR21p,598,Chilkat,parr,,598,10/20/2021,,,,71,4.9,,,,,,,,,,,
KCHILGMR21p,599,Chilkat,parr,,599,10/20/2021,,,,75,5.7,,,,,,,,,,,
KCHILGMR21p,600,Chilkat,parr,,600,10/20/2021,,,,62,3.4,,,,,,,,,,,
KCHILGMR21p,601,Chilkat,parr,,601,10/21/2021,,,,63,3.5,,,,,,,,,,,
KCHILGMR21p,602,Chilkat,parr,,602,10/21/2021,,,,65,4.8,,,,,,,,,,,
KCHILGMR21p,603,Chilkat,parr,,603,10/21/2021,,,,59,3.1,,,,,,,,,,,
KCHILGMR21p,604,Chilkat,parr,,604,10/21/2021,,,,62,2.6,,,,,,,,,,,
KCHILGMR21p,605,Chilkat,parr,,605,10/21/2021,,,,58,3.8,,,,,,,,,,,
KCHILGMR21p,606,Chilkat,parr,,606,10/21/2021,,,,75,5.1,,,,,,,,,,,
KCHILGMR21p,607,Chilkat,parr,,607,10/21/2021,,,,70,5.1,,,,,,,,,,,
KCHILGMR21p,608,Chilkat,parr,,608,10/21/2021,,,,68,3.8,,,,,,,,,,,
KCHILGMR21p,609,Chilkat,parr,,609,10/21/2021,,,,65,3.7,,,,,,,,,,,
KCHILGMR21p,610,Chilkat,parr,,610,10/21/2021,,,,68,4.4,,,,,,,,,,,
KCHILGMR21p,611,Chilkat,parr,,611,10/21/2021,,,,75,4.8,,,,,,,,,,,
KCHILGMR21p,612,Chilkat,parr,,612,10/21/2021,,,,60,2.7,,,,,,,,,,,
KCHILGMR21p,613,Chilkat,parr,,613,10/21/2021,,,,55,1.6,,,,,,,,,,,
KCHILGMR21p,614,Chilkat,parr,,614,10/21/2021,,,,60,2.3,,,,,,,,,,,
KCHILGMR21p,615,Chilkat,parr,,615,10/21/2021,,,,70,1.9,,,,,,,,,,,
KCHILGMR21p,616,Chilkat,parr,,616,10/21/2021,,,,68,3,,,,,,,,,,,
KCHILGMR21p,617,Chilkat,parr,,617,10/21/2021,,,,77,3.2,,,,,,,,,,,
KCHILGMR21p,618,Chilkat,parr,,618,10/21/2021,,,,58,2.1,,,,,,,,,,,
KCHILGMR21p,619,Chilkat,parr,,619,10/21/2021,,,,60,2.3,,,,,,,,,,,
KCHILGMR21p,620,Chilkat,parr,,620,10/21/2021,,,,61,3.6,,,,,,,,,,,
KCHILGMR21p,621,Chilkat,parr,,621,10/21/2021,,,,62,3,,,,,,,,,,,
KCHILGMR21p,622,Chilkat,parr,,622,10/21/2021,,,,71,3.1,,,,,,,,,,,
KCHILGMR21p,623,Chilkat,parr,,623,10/21/2021,,,,64,2.8,,,,,,,,,,,
KCHILGMR21p,624,Chilkat,parr,,624,10/21/2021,,,,76,5.2,,,,,,,,,,,
KCHILGMR21p,625,Chilkat,parr,,625,10/21/2021,,,,68,3.2,,,,,,,,,,,
KCHILGMR21p,626,Chilkat,parr,,626,10/21/2021,,,,62,3,,,,,,,,,,,
KCHILGMR21p,627,Chilkat,parr,,627,10/21/2021,,,,70,4.5,,,,,,,,,,,
KCHILGMR21p,628,Chilkat,parr,,628,10/21/2021,,,,69,3.8,,,,,,,,,,,
KCHILGMR21p,629,Chilkat,parr,,629,10/21/2021,,,,67,3.4,,,,,,,,,,,
KCHILGMR21p,630,Chilkat,parr,,630,10/21/2021,,,,85,6.5,,,,,,,,,,,
KCHILGMR21p,631,Chilkat,parr,,631,10/21/2021,,,,77,6,,,,,,,,,,,
KCHILGMR21p,632,Chilkat,parr,,632,10/21/2021,,,,59,2.7,,,,,,,,,,,
KCHILGMR21p,633,Chilkat,parr,,633,10/21/2021,,,,62,2.7,,,,,,,,,,,
KCHILGMR21p,634,Chilkat,parr,,634,10/21/2021,,,,75,5.9,,,,,,,,,,,
KCHILGMR21p,635,Chilkat,parr,,635,10/21/2021,,,,75,4.8,,,,,,,,,,,
KCHILGMR21p,636,Chilkat,parr,,636,10/21/2021,,,,59,3.4,,,,,,,,,,,
KCHILGMR21p,637,Chilkat,parr,,637,10/21/2021,,,,59,3.3,,,,,,,,,,,
KCHILGMR21p,638,Chilkat,parr,,638,10/21/2021,,,,70,3.9,,,,,,,,,,,
KCHILGMR21p,639,Chilkat,parr,,639,10/21/2021,,,,67,3,,,,,,,,,,,
KCHILGMR21p,640,Chilkat,parr,,640,10/21/2021,,,,60,2.8,,,,,,,,,,,
KCHILGMR21p,641,Chilkat,parr,,641,10/21/2021,,,,75,4.7,,,,,,,,,,,
KCHILGMR21p,642,Chilkat,parr,,642,10/21/2021,,,,60,2.3,,,,,,,,,,,
KCHILGMR21p,643,Chilkat,parr,,643,10/21/2021,,,,60,3,,,,,,,,,,,
KCHILGMR21p,644,Chilkat,parr,,644,10/21/2021,,,,55,2.3,,,,,,,,,,,
KCHILGMR21p,645,Chilkat,parr,,645,10/21/2021,,,,71,3.9,,,,,,,,,,,
KCHILGMR21p,646,Chilkat,parr,,646,10/21/2021,,,,72,4.3,,,,,,,,,,,
KCHILGMR21p,647,Chilkat,parr,,647,10/21/2021,,,,62,3.2,,,,,,,,,,,
KCHILGMR21p,648,Chilkat,parr,,648,10/21/2021,,,,75,4.3,,,,,,,,,,,
KCHILGMR21p,649,Chilkat,parr,,649,10/21/2021,,,,68,3.5,,,,,,,,,,,
KCHILGMR21p,650,Chilkat,parr,,650,10/21/2021,,,,60,2.8,,,,,,,,,,,
KCHILGMR21p,651,Chilkat,parr,,651,10/22/2021,,,,72,3.9,,,,,,,,,,,
KCHILGMR21p,652,Chilkat,parr,,652,10/22/2021,,,,63,2.5,,,,,,,,,,,
KCHILGMR21p,653,Chilkat,parr,,653,10/22/2021,,,,65,2.6,,,,,,,,,,,
KCHILGMR21p,654,Chilkat,parr,,654,10/22/2021,,,,60,3.4,,,,,,,,,,,
KCHILGMR21p,655,Chilkat,parr,,655,10/22/2021,,,,64,3.6,,,,,,,,,,,
KCHILGMR21p,656,Chilkat,parr,,656,10/22/2021,,,,75,3.3,,,,,,,,,,,
KCHILGMR21p,657,Chilkat,parr,,657,10/22/2021,,,,66,3.4,,,,,,,,,,,
KCHILGMR21p,658,Chilkat,parr,,658,10/22/2021,,,,67,3.6,,,,,,,,,,,
KCHILGMR21p,659,Chilkat,parr,,659,10/22/2021,,,,58,2.4,,,,,,,,,,,
KCHILGMR21p,660,Chilkat,parr,,660,10/22/2021,,,,75,6.5,,,,,,,,,,,
KCHILGMR21p,661,Chilkat,parr,,661,10/23/2021,,,,68,4.2,,,,,,,,,,,
KCHILGMR21p,662,Chilkat,parr,,662,10/23/2021,,,,71,5.2,,,,,,,,,,,
KCHILGMR21p,663,Chilkat,parr,,663,10/23/2021,,,,68,4,,,,,,,,,,,
KCHILGMR21p,664,Chilkat,parr,,664,10/23/2021,,,,65,3.4,,,,,,,,,,,
KCHILGMR21p,665,Chilkat,parr,,665,10/23/2021,,,,71,3.3,,,,,,,,,,,
KCHILGMR21p,666,Chilkat,parr,,666,10/23/2021,,,,82,5.5,,,,,,,,,,,
KCHILGMR21p,667,Chilkat,parr,,667,10/23/2021,,,,69,3.9,,,,,,,,,,,
KCHILGMR21p,668,Chilkat,parr,,668,10/23/2021,,,,58,2.8,,,,,,,,,,,
KCHILGMR21p,669,Chilkat,parr,,669,10/23/2021,,,,65,2.9,,,,,,,,,,,
KCHILGMR21p,670,Chilkat,parr,,670,10/23/2021,,,,70,4.8,,,,,,,,,,,
KCHILGMR21p,671,Chilkat,parr,,671,10/23/2021,,,,67,3.9,,,,,,,,,,,
KCHILGMR21p,672,Chilkat,parr,,672,10/23/2021,,,,60,3.2,,,,,,,,,,,
KCHILGMR21p,673,Chilkat,parr,,673,10/23/2021,,,,70,3.4,,,,,,,,,,,
KCHILGMR21p,674,Chilkat,parr,,674,10/23/2021,,,,73,3.8,,,,,,,,,,,
KCHILGMR21p,675,Chilkat,parr,,675,10/23/2021,,,,64,3.3,,,,,,,,,,,
KCHILGMR21p,676,Chilkat,parr,,676,10/23/2021,,,,76,5.3,,,,,,,,,,,
KCHILGMR21p,677,Chilkat,parr,,677,10/23/2021,,,,65,3.6,,,,,,,,,,,
KCHILGMR21p,678,Chilkat,parr,,678,10/23/2021,,,,81,3.3,,,,,,,,,,,
KCHILGMR21p,679,Chilkat,parr,,679,10/23/2021,,,,66,4,,,,,,,,,,,
KCHILGMR21p,680,Chilkat,parr,,680,10/23/2021,,,,57,3,,,,,,,,,,,
KCHILGMR21p,681,Chilkat,parr,,681,10/23/2021,,,,62,3.7,,,,,,,,,,,
KCHILGMR21p,682,Chilkat,parr,,682,10/23/2021,,,,62,3.2,,,,,,,,,,,
KCHILGMR21p,683,Chilkat,parr,,683,10/23/2021,,,,72,5.9,,,,,,,,,,,
KCHILGMR21p,684,Chilkat,parr,,684,10/23/2021,,,,80,6.1,,,,,,,,,,,
KCHILGMR21p,685,Chilkat,parr,,685,10/23/2021,,,,61,1.9,,,,,,,,,,,
KCHILGMR21p,686,Chilkat,parr,,686,10/23/2021,,,,69,4,,,,,,,,,,,
KCHILGMR21p,687,Chilkat,parr,,687,10/23/2021,,,,60,3.5,,,,,,,,,,,
KCHILGMR21p,688,Chilkat,parr,,688,10/24/2021,,,,70,3.7,,,,,,,,,,,
KCHILGMR21p,689,Chilkat,parr,,689,10/24/2021,,,,65,3.1,,,,,,,,,,,
KCHILGMR21p,690,Chilkat,parr,,690,10/24/2021,,,,68,4.2,,,,,,,,,,,
KCHILGMR21p,691,Chilkat,parr,,691,10/24/2021,,,,70,3.8,,,,,,,,,,,
KCHILGMR21p,692,Chilkat,parr,,692,10/24/2021,,,,74,4.7,,,,,,,,,,,
KCHILGMR21p,693,Chilkat,parr,,693,10/24/2021,,,,65,3.7,,,,,,,,,,,
KCHILGMR21p,694,Chilkat,parr,,694,10/24/2021,,,,65,4,,,,,,,,,,,
KCHILGMR21p,695,Chilkat,parr,,695,10/24/2021,,,,66,3.5,,,,,,,,,,,
KCHILGMR21p,696,Chilkat,parr,,696,10/24/2021,,,,70,4.6,,,,,,,,,,,
KCHILGMR21p,697,Chilkat,parr,,697,10/24/2021,,,,66,3.8,,,,,,,,,,,
KCHILGMR21p,698,Chilkat,parr,,698,10/24/2021,,,,62,2.8,,,,,,,,,,,
KCHILGMR21p,699,Chilkat,parr,,699,10/24/2021,,,,59,2.8,,,,,,,,,,,
KCHILGMR21p,700,Chilkat,parr,,700,10/24/2021,,,,60,2.6,,,,,,,,,,,
